,beta,gamma,delta,init_inf_frac,alpha,0,1,2,3,4,5,6,7,8,9,10,11,12,13,14,15,16,17,18,19,20,21,22,23,24,25,26,27,28,29,30,31,32,33,34,35,36,37,38,39,40,41,42,43,44,45,46,47,48,49,50,51,52,53,54,55,56,57,58,59,60,61,62,63,64,65,66,67,68,69,70,71,72,73,74,75,76,77,78,79,80,81,82,83,84,85,86,87,88,89,90,91,92,93,94,95,96,97,98,99,100,101,102,103,104,105,106,107,108,109,110,111,112,113,114,115,116,117,118,119,120,121,122,123,124,125,126,127,128,129,130,131,132,133,134,135,136,137,138,139,140,141,142,143,144,145,146,147,148,149
0,0.1,0.3,0.2,0.0001,0.2,0.0,6.0,14.0,17.0,20.0,19.0,18.0,14.0,13.0,11.0,9.0,12.0,8.0,7.0,3.0,9.0,4.0,2.0,2.0,0.0,1.0,3.0,1.0,0.0,0.0,1.0,1.0,0.0,0.0,0.0,1.0,0.0,1.0,0.0,0.0,0.0,0.0,0.0,0.0,0.0,0.0,0.0,0.0,0.0,0.0,0.0,0.0,0.0,0.0,0.0,0.0,0.0,0.0,0.0,0.0,0.0,0.0,0.0,0.0,0.0,0.0,0.0,0.0,0.0,0.0,0.0,0.0,0.0,0.0,0.0,0.0,0.0,0.0,0.0,0.0,0.0,0.0,0.0,0.0,0.0,0.0,0.0,0.0,0.0,0.0,0.0,0.0,0.0,0.0,0.0,0.0,0.0,0.0,0.0,0.0,0.0,0.0,0.0,0.0,0.0,0.0,0.0,0.0,0.0,0.0,0.0,0.0,0.0,0.0,0.0,0.0,0.0,0.0,0.0,0.0,0.0,0.0,0.0,0.0,0.0,0.0,0.0,0.0,0.0,0.0,0.0,0.0,0.0,0.0,0.0,0.0,0.0,0.0,0.0,0.0,0.0,0.0,0.0,0.0,0.0,0.0,0.0,0.0,0.0,0.0,0.0,0.0,0.0,0.0,0.0
1,0.1,0.3,0.2,0.0001,0.30000000000000004,0.0,15.0,32.0,28.0,43.0,40.0,41.0,33.0,47.0,26.0,33.0,25.0,22.0,21.0,22.0,12.0,10.0,10.0,8.0,9.0,7.0,3.0,10.0,5.0,2.0,3.0,4.0,5.0,2.0,3.0,2.0,1.0,1.0,2.0,1.0,0.0,0.0,0.0,1.0,1.0,0.0,0.0,2.0,0.0,0.0,0.0,0.0,0.0,0.0,0.0,0.0,0.0,0.0,0.0,0.0,0.0,0.0,0.0,0.0,0.0,0.0,0.0,0.0,0.0,0.0,0.0,0.0,0.0,0.0,0.0,0.0,0.0,0.0,0.0,0.0,0.0,0.0,0.0,0.0,0.0,0.0,0.0,0.0,0.0,0.0,0.0,0.0,0.0,0.0,0.0,0.0,0.0,0.0,0.0,0.0,0.0,0.0,0.0,0.0,0.0,0.0,0.0,0.0,0.0,0.0,0.0,0.0,0.0,0.0,0.0,0.0,0.0,0.0,0.0,0.0,0.0,0.0,0.0,0.0,0.0,0.0,0.0,0.0,0.0,0.0,0.0,0.0,0.0,0.0,0.0,0.0,0.0,0.0,0.0,0.0,0.0,0.0,0.0,0.0,0.0,0.0,0.0,0.0,0.0,0.0,0.0,0.0,0.0,0.0,0.0
2,0.1,0.3,0.2,0.0001,0.4000000000000001,0.0,25.0,47.0,61.0,61.0,65.0,46.0,45.0,51.0,50.0,36.0,33.0,31.0,32.0,25.0,26.0,20.0,18.0,23.0,11.0,21.0,9.0,12.0,12.0,4.0,7.0,7.0,10.0,1.0,3.0,4.0,5.0,7.0,6.0,5.0,4.0,1.0,2.0,0.0,1.0,1.0,1.0,0.0,0.0,1.0,0.0,0.0,0.0,0.0,0.0,0.0,0.0,0.0,0.0,0.0,0.0,0.0,0.0,0.0,0.0,0.0,0.0,0.0,0.0,0.0,0.0,0.0,0.0,0.0,0.0,0.0,0.0,0.0,0.0,0.0,0.0,0.0,0.0,0.0,0.0,0.0,0.0,0.0,0.0,0.0,0.0,0.0,0.0,0.0,0.0,0.0,0.0,0.0,0.0,0.0,0.0,0.0,0.0,0.0,0.0,0.0,0.0,0.0,0.0,0.0,0.0,0.0,0.0,0.0,0.0,0.0,0.0,0.0,0.0,0.0,0.0,0.0,0.0,0.0,0.0,0.0,0.0,0.0,0.0,0.0,0.0,0.0,0.0,0.0,0.0,0.0,0.0,0.0,0.0,0.0,0.0,0.0,0.0,0.0,0.0,0.0,0.0,0.0,0.0,0.0,0.0,0.0,0.0,0.0,0.0
3,0.1,0.3,0.2,0.0001,0.5000000000000001,0.0,41.0,58.0,74.0,105.0,77.0,77.0,83.0,67.0,70.0,53.0,40.0,48.0,29.0,38.0,43.0,29.0,35.0,24.0,21.0,24.0,24.0,25.0,13.0,22.0,16.0,21.0,15.0,11.0,11.0,13.0,15.0,8.0,8.0,5.0,5.0,6.0,3.0,4.0,3.0,2.0,6.0,4.0,1.0,3.0,2.0,0.0,2.0,2.0,4.0,2.0,1.0,1.0,0.0,1.0,1.0,1.0,0.0,1.0,1.0,0.0,2.0,0.0,1.0,0.0,0.0,1.0,0.0,1.0,0.0,1.0,1.0,1.0,0.0,1.0,0.0,2.0,0.0,1.0,0.0,0.0,1.0,0.0,0.0,0.0,0.0,0.0,0.0,0.0,0.0,0.0,0.0,0.0,0.0,0.0,0.0,0.0,0.0,0.0,0.0,0.0,0.0,0.0,0.0,0.0,0.0,0.0,0.0,0.0,0.0,0.0,0.0,0.0,0.0,0.0,0.0,0.0,0.0,0.0,0.0,0.0,0.0,0.0,0.0,0.0,0.0,0.0,0.0,0.0,0.0,0.0,0.0,0.0,0.0,0.0,0.0,0.0,0.0,0.0,0.0,0.0,0.0,0.0,0.0,0.0,0.0,0.0,0.0,0.0,0.0
4,0.1,0.3,0.2,0.0001,0.6000000000000001,0.0,33.0,68.0,63.0,83.0,87.0,72.0,70.0,75.0,58.0,56.0,54.0,45.0,59.0,29.0,37.0,39.0,42.0,40.0,34.0,37.0,28.0,35.0,29.0,35.0,30.0,21.0,31.0,21.0,16.0,26.0,20.0,14.0,19.0,25.0,14.0,17.0,14.0,12.0,15.0,14.0,9.0,7.0,15.0,10.0,10.0,8.0,10.0,10.0,6.0,4.0,17.0,11.0,8.0,11.0,10.0,12.0,7.0,5.0,12.0,3.0,7.0,2.0,7.0,5.0,10.0,3.0,7.0,8.0,2.0,4.0,3.0,3.0,2.0,3.0,1.0,4.0,1.0,2.0,3.0,2.0,2.0,2.0,2.0,0.0,3.0,3.0,0.0,2.0,2.0,1.0,0.0,4.0,1.0,2.0,2.0,1.0,2.0,3.0,2.0,2.0,1.0,2.0,1.0,2.0,1.0,1.0,1.0,0.0,1.0,1.0,0.0,1.0,1.0,0.0,1.0,0.0,0.0,0.0,1.0,1.0,0.0,0.0,0.0,1.0,0.0,1.0,0.0,0.0,1.0,1.0,0.0,0.0,0.0,0.0,0.0,1.0,0.0,0.0,0.0,0.0,0.0,0.0,0.0,0.0,0.0,0.0,0.0,0.0,0.0
5,0.1,0.3,0.2,0.0001,0.7000000000000002,0.0,41.0,61.0,98.0,110.0,106.0,122.0,123.0,143.0,122.0,126.0,120.0,149.0,113.0,125.0,117.0,119.0,120.0,106.0,113.0,101.0,108.0,137.0,116.0,118.0,115.0,99.0,109.0,116.0,95.0,118.0,75.0,100.0,115.0,107.0,105.0,91.0,106.0,108.0,102.0,115.0,84.0,102.0,103.0,79.0,100.0,105.0,74.0,83.0,81.0,86.0,78.0,79.0,80.0,71.0,82.0,85.0,64.0,80.0,77.0,63.0,69.0,91.0,63.0,64.0,69.0,73.0,63.0,63.0,57.0,69.0,64.0,65.0,66.0,46.0,56.0,58.0,44.0,41.0,46.0,57.0,37.0,44.0,44.0,47.0,38.0,49.0,37.0,40.0,39.0,37.0,32.0,31.0,27.0,28.0,25.0,24.0,23.0,28.0,24.0,33.0,33.0,24.0,27.0,31.0,20.0,33.0,17.0,20.0,19.0,31.0,15.0,24.0,19.0,27.0,24.0,25.0,22.0,17.0,22.0,22.0,19.0,23.0,21.0,17.0,16.0,22.0,18.0,19.0,26.0,16.0,16.0,22.0,23.0,25.0,24.0,22.0,16.0,24.0,16.0,26.0,32.0,24.0,16.0,20.0,17.0,20.0,15.0,9.0,16.0
6,0.1,0.3,0.2,0.0001,0.8000000000000003,0.0,56.0,121.0,161.0,174.0,185.0,203.0,228.0,206.0,222.0,215.0,225.0,214.0,231.0,236.0,261.0,266.0,279.0,268.0,334.0,332.0,306.0,320.0,316.0,332.0,331.0,364.0,404.0,374.0,340.0,392.0,424.0,415.0,423.0,425.0,414.0,406.0,470.0,435.0,454.0,450.0,439.0,490.0,458.0,472.0,478.0,473.0,486.0,492.0,480.0,454.0,494.0,450.0,424.0,427.0,473.0,412.0,459.0,418.0,401.0,410.0,433.0,421.0,390.0,413.0,401.0,378.0,378.0,360.0,372.0,374.0,345.0,359.0,319.0,325.0,285.0,308.0,289.0,272.0,312.0,258.0,283.0,236.0,264.0,225.0,229.0,235.0,220.0,193.0,200.0,203.0,171.0,207.0,181.0,164.0,174.0,161.0,159.0,146.0,137.0,141.0,127.0,136.0,107.0,110.0,114.0,100.0,107.0,81.0,96.0,80.0,99.0,95.0,73.0,83.0,73.0,64.0,60.0,62.0,59.0,57.0,54.0,45.0,50.0,39.0,39.0,49.0,39.0,33.0,25.0,42.0,34.0,34.0,27.0,30.0,32.0,24.0,23.0,29.0,22.0,25.0,22.0,18.0,22.0,12.0,17.0,23.0,12.0,12.0,13.0
7,0.1,0.3,0.2,0.0001,0.9000000000000002,0.0,53.0,159.0,249.0,331.0,319.0,376.0,428.0,474.0,549.0,601.0,688.0,724.0,901.0,936.0,1020.0,1050.0,1158.0,1224.0,1326.0,1308.0,1434.0,1557.0,1612.0,1701.0,1698.0,1781.0,1756.0,1832.0,1870.0,1876.0,1863.0,1760.0,1870.0,1778.0,1701.0,1616.0,1553.0,1470.0,1392.0,1318.0,1305.0,1200.0,1203.0,1094.0,1034.0,948.0,880.0,828.0,753.0,661.0,673.0,500.0,494.0,513.0,448.0,419.0,358.0,358.0,300.0,270.0,239.0,213.0,229.0,204.0,172.0,156.0,146.0,115.0,120.0,98.0,112.0,91.0,67.0,51.0,62.0,62.0,72.0,44.0,47.0,45.0,42.0,37.0,30.0,21.0,26.0,21.0,25.0,18.0,22.0,25.0,20.0,10.0,10.0,17.0,14.0,7.0,6.0,6.0,6.0,7.0,9.0,5.0,5.0,6.0,3.0,1.0,3.0,3.0,7.0,1.0,3.0,1.0,2.0,2.0,1.0,0.0,1.0,1.0,0.0,2.0,0.0,1.0,0.0,0.0,0.0,0.0,0.0,0.0,0.0,0.0,0.0,1.0,0.0,0.0,0.0,0.0,0.0,0.0,0.0,0.0,0.0,0.0,0.0,0.0,0.0,0.0,0.0,0.0,0.0
8,0.2,0.3,0.2,0.0001,0.2,0.0,24.0,36.0,43.0,55.0,44.0,37.0,36.0,30.0,38.0,21.0,25.0,18.0,12.0,9.0,9.0,8.0,8.0,11.0,6.0,12.0,3.0,0.0,3.0,4.0,4.0,6.0,3.0,3.0,0.0,0.0,1.0,2.0,0.0,1.0,2.0,2.0,1.0,2.0,1.0,0.0,0.0,0.0,0.0,0.0,0.0,0.0,0.0,0.0,0.0,0.0,0.0,0.0,0.0,0.0,0.0,0.0,0.0,0.0,0.0,0.0,0.0,0.0,0.0,0.0,0.0,0.0,0.0,0.0,0.0,0.0,0.0,0.0,0.0,0.0,0.0,0.0,0.0,0.0,0.0,0.0,0.0,0.0,0.0,0.0,0.0,0.0,0.0,0.0,0.0,0.0,0.0,0.0,0.0,0.0,0.0,0.0,0.0,0.0,0.0,0.0,0.0,0.0,0.0,0.0,0.0,0.0,0.0,0.0,0.0,0.0,0.0,0.0,0.0,0.0,0.0,0.0,0.0,0.0,0.0,0.0,0.0,0.0,0.0,0.0,0.0,0.0,0.0,0.0,0.0,0.0,0.0,0.0,0.0,0.0,0.0,0.0,0.0,0.0,0.0,0.0,0.0,0.0,0.0,0.0,0.0,0.0,0.0,0.0,0.0
9,0.2,0.3,0.2,0.0001,0.30000000000000004,0.0,23.0,62.0,63.0,65.0,69.0,48.0,60.0,41.0,26.0,34.0,38.0,24.0,27.0,20.0,21.0,14.0,12.0,14.0,7.0,9.0,14.0,5.0,16.0,6.0,6.0,4.0,6.0,3.0,3.0,5.0,2.0,1.0,3.0,3.0,3.0,2.0,1.0,0.0,1.0,0.0,1.0,1.0,0.0,0.0,0.0,0.0,0.0,0.0,0.0,0.0,0.0,0.0,0.0,0.0,0.0,0.0,0.0,0.0,0.0,0.0,0.0,0.0,0.0,0.0,0.0,0.0,0.0,0.0,0.0,0.0,0.0,0.0,0.0,0.0,0.0,0.0,0.0,0.0,0.0,0.0,0.0,0.0,0.0,0.0,0.0,0.0,0.0,0.0,0.0,0.0,0.0,0.0,0.0,0.0,0.0,0.0,0.0,0.0,0.0,0.0,0.0,0.0,0.0,0.0,0.0,0.0,0.0,0.0,0.0,0.0,0.0,0.0,0.0,0.0,0.0,0.0,0.0,0.0,0.0,0.0,0.0,0.0,0.0,0.0,0.0,0.0,0.0,0.0,0.0,0.0,0.0,0.0,0.0,0.0,0.0,0.0,0.0,0.0,0.0,0.0,0.0,0.0,0.0,0.0,0.0,0.0,0.0,0.0,0.0
10,0.2,0.3,0.2,0.0001,0.4000000000000001,0.0,45.0,54.0,87.0,75.0,64.0,64.0,41.0,41.0,42.0,40.0,42.0,41.0,37.0,30.0,26.0,23.0,26.0,21.0,24.0,20.0,21.0,20.0,19.0,14.0,20.0,10.0,14.0,6.0,5.0,4.0,9.0,4.0,5.0,8.0,5.0,9.0,6.0,4.0,6.0,2.0,2.0,3.0,2.0,3.0,2.0,0.0,3.0,1.0,3.0,0.0,1.0,0.0,1.0,1.0,1.0,0.0,1.0,1.0,1.0,0.0,0.0,0.0,0.0,0.0,0.0,0.0,0.0,0.0,0.0,0.0,0.0,0.0,0.0,0.0,0.0,0.0,0.0,0.0,0.0,0.0,0.0,0.0,0.0,0.0,0.0,0.0,0.0,0.0,0.0,0.0,0.0,0.0,0.0,0.0,0.0,0.0,0.0,0.0,0.0,0.0,0.0,0.0,0.0,0.0,0.0,0.0,0.0,0.0,0.0,0.0,0.0,0.0,0.0,0.0,0.0,0.0,0.0,0.0,0.0,0.0,0.0,0.0,0.0,0.0,0.0,0.0,0.0,0.0,0.0,0.0,0.0,0.0,0.0,0.0,0.0,0.0,0.0,0.0,0.0,0.0,0.0,0.0,0.0,0.0,0.0,0.0,0.0,0.0,0.0
11,0.2,0.3,0.2,0.0001,0.5000000000000001,0.0,40.0,77.0,145.0,130.0,145.0,135.0,149.0,111.0,122.0,116.0,109.0,124.0,99.0,96.0,105.0,87.0,94.0,104.0,86.0,73.0,68.0,85.0,66.0,78.0,73.0,73.0,56.0,75.0,63.0,53.0,47.0,54.0,57.0,66.0,61.0,45.0,41.0,36.0,50.0,44.0,30.0,28.0,37.0,42.0,29.0,35.0,37.0,27.0,26.0,19.0,28.0,21.0,29.0,23.0,26.0,34.0,21.0,14.0,13.0,17.0,25.0,22.0,18.0,15.0,12.0,12.0,14.0,14.0,24.0,12.0,15.0,13.0,8.0,13.0,6.0,12.0,7.0,9.0,10.0,6.0,9.0,7.0,10.0,9.0,8.0,6.0,10.0,7.0,6.0,5.0,5.0,4.0,6.0,7.0,4.0,4.0,5.0,5.0,2.0,2.0,1.0,2.0,2.0,0.0,0.0,2.0,2.0,0.0,1.0,1.0,0.0,1.0,1.0,2.0,1.0,2.0,2.0,0.0,0.0,0.0,1.0,2.0,0.0,1.0,2.0,1.0,1.0,1.0,1.0,0.0,0.0,1.0,1.0,0.0,1.0,0.0,1.0,0.0,1.0,0.0,1.0,0.0,0.0,1.0,1.0,0.0,0.0,1.0,0.0
12,0.2,0.3,0.2,0.0001,0.6000000000000001,0.0,59.0,154.0,211.0,230.0,218.0,247.0,216.0,215.0,239.0,218.0,234.0,189.0,205.0,235.0,255.0,222.0,244.0,239.0,223.0,239.0,267.0,236.0,265.0,228.0,229.0,251.0,246.0,254.0,231.0,236.0,196.0,244.0,212.0,236.0,229.0,211.0,225.0,231.0,248.0,202.0,216.0,210.0,214.0,209.0,231.0,210.0,178.0,199.0,180.0,205.0,191.0,159.0,161.0,192.0,170.0,173.0,167.0,157.0,150.0,160.0,160.0,149.0,122.0,125.0,129.0,139.0,102.0,119.0,110.0,118.0,107.0,106.0,88.0,95.0,99.0,92.0,82.0,87.0,88.0,92.0,75.0,74.0,67.0,77.0,75.0,71.0,62.0,66.0,47.0,55.0,46.0,41.0,50.0,51.0,40.0,51.0,58.0,41.0,47.0,41.0,37.0,48.0,26.0,25.0,36.0,41.0,32.0,35.0,34.0,23.0,37.0,21.0,20.0,29.0,16.0,13.0,21.0,27.0,23.0,16.0,19.0,22.0,25.0,17.0,22.0,10.0,13.0,16.0,11.0,17.0,18.0,9.0,10.0,11.0,11.0,10.0,8.0,16.0,10.0,10.0,8.0,9.0,10.0,10.0,8.0,8.0,7.0,4.0,6.0
13,0.2,0.3,0.2,0.0001,0.7000000000000002,0.0,86.0,153.0,203.0,246.0,288.0,301.0,311.0,319.0,359.0,395.0,366.0,437.0,467.0,532.0,467.0,529.0,583.0,614.0,592.0,641.0,700.0,675.0,720.0,736.0,747.0,769.0,742.0,833.0,771.0,800.0,897.0,877.0,811.0,821.0,848.0,844.0,865.0,826.0,827.0,785.0,777.0,818.0,747.0,745.0,748.0,703.0,644.0,656.0,650.0,622.0,591.0,521.0,503.0,491.0,489.0,477.0,413.0,377.0,412.0,350.0,338.0,321.0,322.0,289.0,293.0,277.0,219.0,246.0,212.0,211.0,183.0,172.0,161.0,163.0,167.0,134.0,123.0,113.0,106.0,107.0,98.0,90.0,86.0,73.0,80.0,73.0,71.0,55.0,48.0,51.0,65.0,44.0,41.0,27.0,28.0,46.0,26.0,36.0,37.0,31.0,27.0,20.0,9.0,13.0,15.0,11.0,12.0,14.0,14.0,8.0,9.0,9.0,10.0,5.0,11.0,10.0,8.0,5.0,5.0,5.0,11.0,7.0,3.0,7.0,5.0,2.0,5.0,4.0,5.0,1.0,2.0,3.0,2.0,2.0,0.0,1.0,0.0,2.0,2.0,0.0,1.0,0.0,0.0,0.0,1.0,0.0,2.0,1.0,0.0
14,0.2,0.3,0.2,0.0001,0.8000000000000003,0.0,105.0,202.0,326.0,373.0,447.0,534.0,544.0,634.0,718.0,875.0,869.0,1081.0,1145.0,1201.0,1391.0,1483.0,1534.0,1670.0,1776.0,1885.0,2031.0,2049.0,2172.0,2161.0,2231.0,2263.0,2171.0,2150.0,2038.0,1981.0,1998.0,1834.0,1646.0,1556.0,1536.0,1329.0,1293.0,1093.0,1082.0,955.0,882.0,756.0,683.0,645.0,562.0,466.0,446.0,408.0,353.0,318.0,257.0,317.0,235.0,199.0,158.0,173.0,153.0,125.0,99.0,105.0,89.0,74.0,80.0,58.0,58.0,48.0,40.0,41.0,35.0,31.0,32.0,27.0,15.0,11.0,18.0,12.0,7.0,5.0,9.0,6.0,6.0,6.0,7.0,8.0,2.0,0.0,2.0,2.0,4.0,3.0,3.0,1.0,2.0,1.0,1.0,1.0,1.0,1.0,0.0,0.0,1.0,0.0,0.0,0.0,0.0,0.0,0.0,0.0,0.0,0.0,0.0,0.0,0.0,0.0,0.0,0.0,0.0,0.0,0.0,0.0,0.0,0.0,0.0,0.0,0.0,0.0,0.0,0.0,0.0,0.0,0.0,0.0,0.0,0.0,0.0,0.0,0.0,0.0,0.0,0.0,0.0,0.0,0.0,0.0,0.0,0.0,0.0,0.0,0.0
15,0.2,0.3,0.2,0.0001,0.9000000000000002,0.0,108.0,321.0,448.0,530.0,673.0,884.0,1045.0,1259.0,1494.0,1714.0,2137.0,2495.0,2852.0,3339.0,3655.0,3828.0,4050.0,4356.0,4372.0,4257.0,4153.0,3854.0,3596.0,3341.0,3012.0,2668.0,2389.0,2094.0,1844.0,1597.0,1391.0,1142.0,1003.0,869.0,717.0,611.0,517.0,407.0,388.0,293.0,256.0,233.0,176.0,160.0,118.0,107.0,87.0,76.0,56.0,56.0,42.0,33.0,40.0,24.0,18.0,11.0,18.0,13.0,8.0,10.0,9.0,4.0,2.0,4.0,1.0,4.0,1.0,2.0,0.0,0.0,1.0,1.0,1.0,0.0,1.0,0.0,0.0,0.0,0.0,0.0,0.0,1.0,0.0,0.0,0.0,0.0,0.0,0.0,0.0,0.0,0.0,0.0,0.0,0.0,0.0,0.0,0.0,0.0,0.0,0.0,0.0,0.0,0.0,0.0,0.0,0.0,0.0,0.0,0.0,0.0,0.0,0.0,0.0,0.0,0.0,0.0,0.0,0.0,0.0,0.0,0.0,0.0,0.0,0.0,0.0,0.0,0.0,0.0,0.0,0.0,0.0,0.0,0.0,0.0,0.0,0.0,0.0,0.0,0.0,0.0,0.0,0.0,0.0,0.0,0.0,0.0,0.0,0.0,0.0
16,0.30000000000000004,0.3,0.2,0.0001,0.2,0.0,20.0,46.0,45.0,64.0,53.0,56.0,52.0,35.0,27.0,28.0,20.0,21.0,17.0,3.0,13.0,13.0,6.0,6.0,4.0,5.0,3.0,1.0,0.0,2.0,1.0,0.0,3.0,1.0,0.0,1.0,0.0,0.0,2.0,0.0,1.0,1.0,0.0,0.0,0.0,0.0,0.0,0.0,0.0,0.0,0.0,0.0,0.0,0.0,0.0,0.0,0.0,0.0,0.0,0.0,0.0,0.0,0.0,0.0,0.0,0.0,0.0,0.0,0.0,0.0,0.0,0.0,0.0,0.0,0.0,0.0,0.0,0.0,0.0,0.0,0.0,0.0,0.0,0.0,0.0,0.0,0.0,0.0,0.0,0.0,0.0,0.0,0.0,0.0,0.0,0.0,0.0,0.0,0.0,0.0,0.0,0.0,0.0,0.0,0.0,0.0,0.0,0.0,0.0,0.0,0.0,0.0,0.0,0.0,0.0,0.0,0.0,0.0,0.0,0.0,0.0,0.0,0.0,0.0,0.0,0.0,0.0,0.0,0.0,0.0,0.0,0.0,0.0,0.0,0.0,0.0,0.0,0.0,0.0,0.0,0.0,0.0,0.0,0.0,0.0,0.0,0.0,0.0,0.0,0.0,0.0,0.0,0.0,0.0,0.0
17,0.30000000000000004,0.3,0.2,0.0001,0.30000000000000004,0.0,40.0,69.0,71.0,66.0,60.0,62.0,51.0,46.0,42.0,33.0,29.0,30.0,30.0,20.0,16.0,23.0,19.0,12.0,21.0,10.0,14.0,8.0,13.0,7.0,11.0,8.0,6.0,5.0,6.0,7.0,6.0,5.0,6.0,4.0,7.0,4.0,1.0,3.0,2.0,3.0,6.0,1.0,1.0,3.0,1.0,2.0,2.0,0.0,1.0,0.0,3.0,1.0,0.0,0.0,0.0,2.0,0.0,0.0,0.0,0.0,0.0,1.0,0.0,0.0,0.0,0.0,0.0,0.0,0.0,0.0,0.0,0.0,0.0,0.0,0.0,0.0,0.0,0.0,0.0,0.0,0.0,0.0,0.0,0.0,0.0,0.0,0.0,0.0,0.0,0.0,0.0,0.0,0.0,0.0,0.0,0.0,0.0,0.0,0.0,0.0,0.0,0.0,0.0,0.0,0.0,0.0,0.0,0.0,0.0,0.0,0.0,0.0,0.0,0.0,0.0,0.0,0.0,0.0,0.0,0.0,0.0,0.0,0.0,0.0,0.0,0.0,0.0,0.0,0.0,0.0,0.0,0.0,0.0,0.0,0.0,0.0,0.0,0.0,0.0,0.0,0.0,0.0,0.0,0.0,0.0,0.0,0.0,0.0,0.0
18,0.30000000000000004,0.3,0.2,0.0001,0.4000000000000001,0.0,58.0,106.0,158.0,142.0,152.0,123.0,142.0,105.0,112.0,117.0,90.0,99.0,103.0,90.0,79.0,74.0,67.0,80.0,62.0,63.0,58.0,50.0,56.0,43.0,47.0,42.0,40.0,42.0,28.0,36.0,30.0,19.0,28.0,27.0,12.0,30.0,21.0,37.0,18.0,21.0,14.0,11.0,20.0,14.0,14.0,17.0,15.0,10.0,16.0,13.0,9.0,6.0,10.0,9.0,4.0,6.0,6.0,4.0,7.0,3.0,9.0,6.0,3.0,3.0,4.0,5.0,1.0,0.0,0.0,3.0,1.0,0.0,2.0,2.0,1.0,2.0,2.0,3.0,2.0,1.0,1.0,1.0,0.0,0.0,0.0,1.0,1.0,0.0,0.0,1.0,0.0,0.0,1.0,1.0,0.0,1.0,0.0,0.0,0.0,0.0,0.0,0.0,0.0,0.0,0.0,0.0,0.0,0.0,0.0,0.0,0.0,0.0,0.0,0.0,0.0,0.0,0.0,0.0,0.0,0.0,0.0,0.0,0.0,0.0,0.0,0.0,0.0,0.0,0.0,0.0,0.0,0.0,0.0,0.0,0.0,0.0,0.0,0.0,0.0,0.0,0.0,0.0,0.0,0.0,0.0,0.0,0.0,0.0,0.0
19,0.30000000000000004,0.3,0.2,0.0001,0.5000000000000001,0.0,77.0,174.0,229.0,239.0,272.0,269.0,255.0,256.0,247.0,265.0,268.0,278.0,267.0,262.0,277.0,255.0,230.0,224.0,250.0,226.0,220.0,231.0,225.0,201.0,237.0,224.0,221.0,196.0,192.0,202.0,204.0,192.0,177.0,191.0,149.0,152.0,139.0,149.0,143.0,144.0,141.0,122.0,127.0,113.0,105.0,113.0,120.0,107.0,127.0,97.0,108.0,94.0,82.0,98.0,95.0,99.0,93.0,73.0,97.0,78.0,81.0,84.0,63.0,65.0,63.0,61.0,56.0,73.0,72.0,55.0,60.0,57.0,52.0,54.0,46.0,38.0,49.0,42.0,47.0,37.0,45.0,33.0,33.0,39.0,28.0,35.0,31.0,38.0,29.0,32.0,39.0,25.0,32.0,30.0,17.0,29.0,23.0,28.0,16.0,30.0,23.0,21.0,14.0,19.0,19.0,27.0,8.0,18.0,17.0,9.0,16.0,20.0,19.0,14.0,11.0,12.0,11.0,9.0,17.0,13.0,9.0,5.0,9.0,7.0,4.0,8.0,3.0,5.0,9.0,4.0,7.0,3.0,3.0,3.0,3.0,4.0,4.0,4.0,2.0,1.0,2.0,2.0,1.0,1.0,2.0,1.0,0.0,3.0,2.0
20,0.30000000000000004,0.3,0.2,0.0001,0.6000000000000001,0.0,87.0,198.0,236.0,331.0,311.0,369.0,418.0,398.0,406.0,442.0,489.0,475.0,488.0,515.0,520.0,572.0,540.0,607.0,647.0,651.0,612.0,673.0,660.0,663.0,667.0,636.0,665.0,709.0,671.0,632.0,629.0,610.0,586.0,623.0,597.0,566.0,553.0,515.0,519.0,501.0,484.0,454.0,435.0,405.0,401.0,408.0,366.0,366.0,327.0,302.0,298.0,303.0,255.0,280.0,253.0,221.0,235.0,196.0,214.0,149.0,185.0,162.0,156.0,151.0,170.0,136.0,113.0,134.0,115.0,100.0,78.0,91.0,77.0,82.0,66.0,84.0,71.0,59.0,52.0,43.0,48.0,42.0,34.0,30.0,33.0,27.0,28.0,30.0,26.0,25.0,24.0,26.0,18.0,18.0,13.0,12.0,12.0,11.0,10.0,4.0,11.0,9.0,7.0,8.0,6.0,4.0,3.0,4.0,2.0,3.0,2.0,2.0,3.0,0.0,2.0,1.0,2.0,2.0,0.0,0.0,1.0,1.0,3.0,2.0,0.0,1.0,2.0,0.0,0.0,0.0,0.0,1.0,0.0,0.0,1.0,0.0,0.0,0.0,1.0,0.0,0.0,0.0,0.0,0.0,0.0,0.0,0.0,0.0,0.0
21,0.30000000000000004,0.3,0.2,0.0001,0.7000000000000002,0.0,99.0,215.0,266.0,319.0,399.0,399.0,477.0,515.0,542.0,656.0,699.0,768.0,846.0,884.0,1044.0,1104.0,1191.0,1276.0,1338.0,1426.0,1504.0,1546.0,1657.0,1618.0,1674.0,1653.0,1696.0,1697.0,1611.0,1571.0,1505.0,1457.0,1416.0,1325.0,1279.0,1170.0,1120.0,983.0,908.0,846.0,787.0,741.0,652.0,603.0,576.0,500.0,437.0,405.0,383.0,292.0,308.0,283.0,278.0,236.0,214.0,190.0,152.0,148.0,132.0,110.0,96.0,95.0,89.0,66.0,72.0,44.0,43.0,44.0,49.0,40.0,37.0,25.0,16.0,22.0,19.0,16.0,26.0,16.0,15.0,20.0,8.0,8.0,12.0,11.0,4.0,8.0,4.0,5.0,4.0,3.0,2.0,3.0,6.0,3.0,1.0,2.0,1.0,3.0,2.0,0.0,1.0,2.0,1.0,1.0,1.0,2.0,0.0,0.0,1.0,1.0,0.0,1.0,0.0,1.0,1.0,1.0,0.0,2.0,2.0,0.0,2.0,2.0,0.0,0.0,1.0,0.0,0.0,1.0,0.0,0.0,0.0,0.0,0.0,0.0,0.0,0.0,0.0,0.0,1.0,0.0,0.0,0.0,0.0,0.0,0.0,0.0,0.0,0.0,0.0
22,0.30000000000000004,0.3,0.2,0.0001,0.8000000000000003,0.0,152.0,290.0,434.0,545.0,617.0,777.0,928.0,1060.0,1314.0,1540.0,1722.0,1967.0,2397.0,2572.0,2753.0,2950.0,3207.0,3311.0,3478.0,3316.0,3228.0,3219.0,3018.0,2808.0,2606.0,2384.0,2187.0,1878.0,1748.0,1502.0,1352.0,1145.0,1032.0,834.0,775.0,662.0,558.0,445.0,383.0,346.0,317.0,243.0,202.0,184.0,144.0,112.0,124.0,93.0,71.0,66.0,41.0,38.0,37.0,33.0,33.0,24.0,27.0,17.0,14.0,12.0,9.0,5.0,11.0,12.0,4.0,5.0,2.0,5.0,0.0,3.0,2.0,0.0,6.0,0.0,2.0,2.0,1.0,1.0,0.0,1.0,0.0,0.0,1.0,0.0,1.0,0.0,0.0,0.0,0.0,0.0,0.0,0.0,0.0,0.0,0.0,0.0,0.0,0.0,0.0,0.0,0.0,0.0,0.0,0.0,0.0,0.0,0.0,0.0,0.0,0.0,0.0,0.0,0.0,0.0,0.0,0.0,0.0,0.0,0.0,0.0,0.0,0.0,0.0,0.0,0.0,0.0,0.0,0.0,0.0,0.0,0.0,0.0,0.0,0.0,0.0,0.0,0.0,0.0,0.0,0.0,0.0,0.0,0.0,0.0,0.0,0.0,0.0,0.0,0.0
23,0.30000000000000004,0.3,0.2,0.0001,0.9000000000000002,0.0,151.0,396.0,558.0,726.0,992.0,1293.0,1593.0,2182.0,2757.0,3431.0,4101.0,4676.0,5331.0,5538.0,5841.0,5751.0,5380.0,5009.0,4658.0,4182.0,3561.0,3001.0,2558.0,2145.0,1802.0,1507.0,1231.0,1034.0,802.0,666.0,530.0,397.0,372.0,281.0,215.0,176.0,129.0,99.0,89.0,69.0,67.0,49.0,32.0,20.0,27.0,19.0,15.0,18.0,13.0,6.0,6.0,10.0,2.0,3.0,1.0,1.0,1.0,2.0,1.0,0.0,0.0,2.0,0.0,0.0,1.0,0.0,0.0,0.0,0.0,0.0,0.0,0.0,0.0,0.0,0.0,0.0,0.0,0.0,0.0,0.0,0.0,0.0,0.0,0.0,0.0,0.0,0.0,0.0,0.0,0.0,0.0,0.0,0.0,0.0,0.0,0.0,0.0,0.0,0.0,0.0,0.0,0.0,0.0,0.0,0.0,0.0,0.0,0.0,0.0,0.0,0.0,0.0,0.0,0.0,0.0,0.0,0.0,0.0,0.0,0.0,0.0,0.0,0.0,0.0,0.0,0.0,0.0,0.0,0.0,0.0,0.0,0.0,0.0,0.0,0.0,0.0,0.0,0.0,0.0,0.0,0.0,0.0,0.0,0.0,0.0,0.0,0.0,0.0,0.0
24,0.4,0.3,0.2,0.0001,0.2,0.0,33.0,74.0,79.0,71.0,54.0,52.0,44.0,35.0,25.0,32.0,16.0,19.0,18.0,16.0,12.0,7.0,8.0,13.0,7.0,5.0,5.0,3.0,2.0,4.0,4.0,1.0,2.0,2.0,1.0,1.0,0.0,2.0,3.0,1.0,0.0,0.0,0.0,1.0,0.0,0.0,0.0,0.0,0.0,0.0,0.0,0.0,1.0,0.0,0.0,0.0,0.0,0.0,0.0,0.0,0.0,0.0,0.0,0.0,0.0,0.0,0.0,0.0,0.0,0.0,0.0,0.0,0.0,0.0,0.0,0.0,0.0,0.0,0.0,0.0,0.0,0.0,0.0,0.0,0.0,0.0,0.0,0.0,0.0,0.0,0.0,0.0,0.0,0.0,0.0,0.0,0.0,0.0,0.0,0.0,0.0,0.0,0.0,0.0,0.0,0.0,0.0,0.0,0.0,0.0,0.0,0.0,0.0,0.0,0.0,0.0,0.0,0.0,0.0,0.0,0.0,0.0,0.0,0.0,0.0,0.0,0.0,0.0,0.0,0.0,0.0,0.0,0.0,0.0,0.0,0.0,0.0,0.0,0.0,0.0,0.0,0.0,0.0,0.0,0.0,0.0,0.0,0.0,0.0,0.0,0.0,0.0,0.0,0.0,0.0
25,0.4,0.3,0.2,0.0001,0.30000000000000004,0.0,43.0,105.0,122.0,137.0,121.0,93.0,96.0,72.0,65.0,66.0,69.0,50.0,54.0,50.0,37.0,42.0,26.0,38.0,37.0,25.0,24.0,19.0,23.0,17.0,21.0,17.0,16.0,12.0,11.0,15.0,6.0,6.0,9.0,5.0,6.0,11.0,4.0,4.0,6.0,2.0,2.0,4.0,3.0,6.0,1.0,0.0,2.0,4.0,4.0,0.0,2.0,3.0,3.0,4.0,1.0,3.0,3.0,1.0,0.0,4.0,0.0,0.0,3.0,4.0,1.0,2.0,0.0,0.0,1.0,3.0,0.0,0.0,0.0,2.0,0.0,2.0,1.0,0.0,0.0,0.0,2.0,1.0,0.0,0.0,0.0,0.0,1.0,0.0,1.0,0.0,0.0,0.0,1.0,0.0,1.0,0.0,0.0,0.0,0.0,0.0,0.0,0.0,0.0,0.0,0.0,0.0,0.0,0.0,0.0,0.0,0.0,0.0,0.0,0.0,0.0,0.0,0.0,0.0,0.0,0.0,0.0,0.0,0.0,0.0,0.0,0.0,0.0,0.0,0.0,0.0,0.0,0.0,0.0,0.0,0.0,0.0,0.0,0.0,0.0,0.0,0.0,0.0,0.0,0.0,0.0,0.0,0.0,0.0,0.0
26,0.4,0.3,0.2,0.0001,0.4000000000000001,0.0,75.0,154.0,207.0,245.0,211.0,208.0,220.0,185.0,195.0,172.0,171.0,182.0,176.0,139.0,152.0,140.0,140.0,136.0,121.0,102.0,94.0,114.0,82.0,74.0,85.0,89.0,78.0,95.0,81.0,70.0,66.0,69.0,61.0,70.0,63.0,56.0,43.0,60.0,47.0,32.0,47.0,29.0,41.0,29.0,31.0,34.0,41.0,26.0,38.0,34.0,26.0,27.0,19.0,21.0,19.0,24.0,31.0,16.0,15.0,16.0,13.0,13.0,17.0,15.0,14.0,15.0,11.0,13.0,11.0,6.0,5.0,6.0,5.0,5.0,7.0,4.0,4.0,5.0,4.0,2.0,3.0,4.0,4.0,3.0,1.0,3.0,8.0,2.0,4.0,5.0,2.0,2.0,4.0,1.0,4.0,4.0,3.0,3.0,1.0,2.0,1.0,3.0,2.0,0.0,1.0,1.0,0.0,1.0,0.0,2.0,2.0,1.0,0.0,0.0,0.0,2.0,1.0,0.0,2.0,1.0,1.0,2.0,0.0,1.0,1.0,0.0,0.0,0.0,1.0,0.0,1.0,0.0,0.0,1.0,0.0,0.0,2.0,0.0,0.0,0.0,0.0,1.0,0.0,0.0,0.0,0.0,0.0,0.0,0.0
27,0.4,0.3,0.2,0.0001,0.5000000000000001,0.0,74.0,245.0,252.0,255.0,252.0,290.0,291.0,297.0,278.0,310.0,271.0,320.0,288.0,279.0,310.0,302.0,283.0,304.0,268.0,267.0,309.0,300.0,259.0,273.0,277.0,305.0,288.0,253.0,299.0,273.0,273.0,291.0,258.0,267.0,215.0,262.0,233.0,243.0,216.0,214.0,188.0,228.0,209.0,197.0,184.0,181.0,193.0,144.0,187.0,172.0,158.0,169.0,136.0,134.0,161.0,141.0,136.0,128.0,127.0,118.0,126.0,120.0,126.0,110.0,114.0,97.0,95.0,89.0,87.0,98.0,102.0,96.0,82.0,92.0,92.0,80.0,77.0,76.0,75.0,62.0,69.0,49.0,50.0,53.0,38.0,46.0,36.0,38.0,39.0,40.0,40.0,38.0,23.0,23.0,28.0,29.0,21.0,21.0,22.0,15.0,16.0,25.0,18.0,21.0,15.0,20.0,14.0,15.0,11.0,15.0,22.0,15.0,12.0,15.0,10.0,21.0,9.0,11.0,10.0,7.0,13.0,10.0,4.0,11.0,4.0,7.0,6.0,8.0,0.0,7.0,6.0,7.0,6.0,6.0,6.0,5.0,2.0,3.0,4.0,9.0,7.0,5.0,3.0,4.0,8.0,6.0,6.0,9.0,6.0
28,0.4,0.3,0.2,0.0001,0.6000000000000001,0.0,95.0,231.0,272.0,272.0,302.0,328.0,362.0,420.0,443.0,453.0,511.0,497.0,530.0,557.0,614.0,617.0,691.0,705.0,748.0,783.0,841.0,860.0,823.0,890.0,895.0,906.0,887.0,987.0,928.0,872.0,882.0,803.0,901.0,794.0,791.0,799.0,765.0,752.0,768.0,703.0,671.0,655.0,591.0,537.0,501.0,512.0,467.0,438.0,383.0,351.0,380.0,322.0,330.0,290.0,265.0,261.0,216.0,205.0,205.0,198.0,186.0,143.0,159.0,147.0,147.0,115.0,100.0,103.0,84.0,96.0,84.0,63.0,59.0,45.0,56.0,54.0,56.0,39.0,35.0,37.0,41.0,42.0,27.0,22.0,29.0,23.0,21.0,13.0,17.0,17.0,24.0,14.0,9.0,12.0,11.0,11.0,8.0,9.0,10.0,8.0,6.0,7.0,6.0,7.0,2.0,5.0,4.0,2.0,2.0,2.0,1.0,1.0,2.0,1.0,1.0,0.0,1.0,2.0,0.0,1.0,0.0,0.0,1.0,0.0,0.0,0.0,0.0,0.0,0.0,0.0,0.0,0.0,0.0,0.0,0.0,0.0,0.0,0.0,0.0,0.0,0.0,0.0,0.0,0.0,0.0,0.0,0.0,0.0,0.0
29,0.4,0.3,0.2,0.0001,0.7000000000000002,0.0,145.0,327.0,448.0,533.0,552.0,688.0,822.0,931.0,1044.0,1190.0,1321.0,1510.0,1570.0,1805.0,1967.0,1986.0,2166.0,2142.0,2342.0,2225.0,2267.0,2386.0,2184.0,2108.0,2029.0,1847.0,1791.0,1692.0,1529.0,1366.0,1310.0,1104.0,1006.0,917.0,805.0,689.0,602.0,541.0,468.0,445.0,376.0,341.0,259.0,256.0,225.0,174.0,146.0,131.0,133.0,87.0,81.0,71.0,66.0,69.0,59.0,39.0,50.0,33.0,17.0,27.0,24.0,14.0,15.0,12.0,14.0,14.0,14.0,9.0,13.0,6.0,8.0,4.0,9.0,7.0,4.0,1.0,2.0,2.0,4.0,3.0,2.0,2.0,1.0,0.0,1.0,0.0,1.0,1.0,0.0,0.0,0.0,0.0,0.0,0.0,0.0,1.0,0.0,0.0,0.0,0.0,0.0,0.0,0.0,0.0,1.0,0.0,0.0,0.0,0.0,1.0,0.0,0.0,0.0,0.0,0.0,0.0,0.0,0.0,0.0,0.0,0.0,0.0,0.0,0.0,0.0,0.0,0.0,0.0,0.0,0.0,0.0,0.0,0.0,0.0,0.0,0.0,0.0,0.0,0.0,0.0,0.0,0.0,0.0,0.0,0.0,0.0,0.0,0.0,0.0
30,0.4,0.3,0.2,0.0001,0.8000000000000003,0.0,177.0,420.0,549.0,745.0,942.0,1134.0,1492.0,1735.0,2103.0,2496.0,2879.0,3384.0,3740.0,3928.0,4133.0,4193.0,4152.0,4071.0,3813.0,3478.0,3243.0,2833.0,2525.0,2180.0,1948.0,1636.0,1370.0,1180.0,945.0,836.0,667.0,541.0,497.0,387.0,303.0,297.0,245.0,192.0,160.0,125.0,120.0,98.0,53.0,54.0,55.0,41.0,37.0,22.0,24.0,19.0,17.0,15.0,13.0,6.0,7.0,10.0,4.0,4.0,3.0,1.0,1.0,1.0,3.0,1.0,0.0,3.0,1.0,0.0,0.0,0.0,2.0,1.0,0.0,0.0,0.0,0.0,0.0,0.0,0.0,0.0,0.0,0.0,0.0,0.0,0.0,0.0,0.0,0.0,0.0,0.0,0.0,0.0,0.0,0.0,0.0,0.0,0.0,0.0,0.0,0.0,0.0,0.0,0.0,0.0,0.0,0.0,0.0,0.0,0.0,0.0,0.0,0.0,0.0,0.0,0.0,0.0,0.0,0.0,0.0,0.0,0.0,0.0,0.0,0.0,0.0,0.0,0.0,0.0,0.0,0.0,0.0,0.0,0.0,0.0,0.0,0.0,0.0,0.0,0.0,0.0,0.0,0.0,0.0,0.0,0.0,0.0,0.0,0.0,0.0
31,0.4,0.3,0.2,0.0001,0.9000000000000002,0.0,223.0,501.0,774.0,1159.0,1581.0,2283.0,2914.0,3977.0,4912.0,5675.0,6505.0,6848.0,6919.0,6518.0,6115.0,5235.0,4560.0,3921.0,3161.0,2755.0,2114.0,1710.0,1386.0,1120.0,876.0,670.0,563.0,443.0,332.0,286.0,217.0,178.0,151.0,119.0,72.0,58.0,54.0,34.0,25.0,24.0,15.0,16.0,15.0,8.0,11.0,2.0,4.0,2.0,1.0,3.0,1.0,3.0,0.0,0.0,2.0,0.0,0.0,0.0,0.0,0.0,1.0,0.0,0.0,0.0,0.0,0.0,0.0,0.0,0.0,0.0,0.0,0.0,0.0,0.0,0.0,0.0,0.0,0.0,0.0,0.0,0.0,0.0,0.0,0.0,0.0,0.0,0.0,0.0,0.0,0.0,0.0,0.0,0.0,0.0,0.0,0.0,0.0,0.0,0.0,0.0,0.0,0.0,0.0,0.0,0.0,0.0,0.0,0.0,0.0,0.0,0.0,0.0,0.0,0.0,0.0,0.0,0.0,0.0,0.0,0.0,0.0,0.0,0.0,0.0,0.0,0.0,0.0,0.0,0.0,0.0,0.0,0.0,0.0,0.0,0.0,0.0,0.0,0.0,0.0,0.0,0.0,0.0,0.0,0.0,0.0,0.0,0.0,0.0,0.0
32,0.5,0.3,0.2,0.0001,0.2,0.0,42.0,86.0,92.0,79.0,71.0,52.0,58.0,44.0,34.0,35.0,37.0,21.0,23.0,21.0,19.0,12.0,12.0,7.0,8.0,8.0,4.0,1.0,2.0,5.0,3.0,3.0,1.0,2.0,4.0,2.0,2.0,1.0,1.0,1.0,2.0,0.0,1.0,1.0,0.0,0.0,0.0,0.0,0.0,0.0,0.0,0.0,0.0,0.0,0.0,0.0,0.0,0.0,0.0,0.0,0.0,0.0,0.0,0.0,0.0,0.0,0.0,0.0,0.0,0.0,0.0,0.0,0.0,0.0,0.0,0.0,0.0,0.0,0.0,0.0,0.0,0.0,0.0,0.0,0.0,0.0,0.0,0.0,0.0,0.0,0.0,0.0,0.0,0.0,0.0,0.0,0.0,0.0,0.0,0.0,0.0,0.0,0.0,0.0,0.0,0.0,0.0,0.0,0.0,0.0,0.0,0.0,0.0,0.0,0.0,0.0,0.0,0.0,0.0,0.0,0.0,0.0,0.0,0.0,0.0,0.0,0.0,0.0,0.0,0.0,0.0,0.0,0.0,0.0,0.0,0.0,0.0,0.0,0.0,0.0,0.0,0.0,0.0,0.0,0.0,0.0,0.0,0.0,0.0,0.0,0.0,0.0,0.0,0.0,0.0
33,0.5,0.3,0.2,0.0001,0.30000000000000004,0.0,71.0,116.0,104.0,121.0,113.0,112.0,98.0,96.0,79.0,94.0,74.0,66.0,66.0,55.0,48.0,44.0,30.0,30.0,33.0,28.0,32.0,31.0,18.0,19.0,18.0,13.0,9.0,15.0,12.0,13.0,8.0,3.0,10.0,8.0,9.0,9.0,6.0,2.0,5.0,6.0,1.0,6.0,3.0,3.0,0.0,2.0,2.0,1.0,0.0,1.0,2.0,2.0,2.0,2.0,1.0,3.0,1.0,0.0,2.0,1.0,1.0,0.0,0.0,1.0,0.0,0.0,3.0,0.0,0.0,0.0,0.0,0.0,0.0,0.0,0.0,0.0,0.0,0.0,0.0,0.0,0.0,0.0,0.0,0.0,0.0,0.0,0.0,0.0,0.0,0.0,0.0,0.0,0.0,0.0,0.0,0.0,0.0,0.0,0.0,0.0,0.0,0.0,0.0,0.0,0.0,0.0,0.0,0.0,0.0,0.0,0.0,0.0,0.0,0.0,0.0,0.0,0.0,0.0,0.0,0.0,0.0,0.0,0.0,0.0,0.0,0.0,0.0,0.0,0.0,0.0,0.0,0.0,0.0,0.0,0.0,0.0,0.0,0.0,0.0,0.0,0.0,0.0,0.0,0.0,0.0,0.0,0.0,0.0,0.0
34,0.5,0.3,0.2,0.0001,0.4000000000000001,0.0,77.0,174.0,216.0,235.0,245.0,239.0,216.0,210.0,202.0,183.0,191.0,171.0,156.0,162.0,159.0,143.0,131.0,126.0,122.0,113.0,114.0,119.0,114.0,97.0,91.0,86.0,84.0,79.0,81.0,81.0,75.0,76.0,62.0,64.0,69.0,52.0,73.0,66.0,39.0,61.0,61.0,48.0,49.0,50.0,44.0,41.0,41.0,33.0,37.0,39.0,39.0,33.0,26.0,26.0,26.0,26.0,24.0,27.0,20.0,33.0,23.0,22.0,25.0,17.0,12.0,12.0,17.0,20.0,13.0,14.0,12.0,13.0,12.0,12.0,16.0,7.0,14.0,12.0,6.0,12.0,12.0,5.0,8.0,8.0,5.0,3.0,6.0,8.0,9.0,1.0,6.0,4.0,2.0,5.0,1.0,1.0,2.0,1.0,1.0,1.0,1.0,1.0,1.0,1.0,0.0,0.0,0.0,0.0,1.0,0.0,0.0,0.0,0.0,0.0,0.0,0.0,0.0,0.0,0.0,0.0,0.0,0.0,0.0,0.0,0.0,0.0,0.0,0.0,0.0,0.0,0.0,0.0,0.0,0.0,0.0,0.0,0.0,0.0,0.0,0.0,0.0,0.0,0.0,0.0,0.0,0.0,0.0,0.0,0.0
35,0.5,0.3,0.2,0.0001,0.5000000000000001,0.0,86.0,176.0,179.0,214.0,216.0,233.0,221.0,241.0,259.0,246.0,231.0,282.0,267.0,256.0,275.0,283.0,273.0,281.0,315.0,289.0,306.0,289.0,305.0,353.0,287.0,315.0,323.0,309.0,357.0,307.0,329.0,335.0,312.0,340.0,327.0,335.0,298.0,297.0,263.0,289.0,278.0,304.0,277.0,280.0,274.0,251.0,252.0,243.0,263.0,259.0,236.0,218.0,228.0,200.0,208.0,170.0,166.0,170.0,174.0,167.0,166.0,155.0,140.0,157.0,174.0,134.0,110.0,150.0,110.0,117.0,116.0,106.0,96.0,95.0,98.0,83.0,91.0,95.0,86.0,90.0,76.0,76.0,70.0,61.0,62.0,75.0,61.0,52.0,46.0,47.0,46.0,34.0,41.0,39.0,29.0,26.0,25.0,25.0,28.0,18.0,22.0,29.0,26.0,20.0,18.0,17.0,16.0,23.0,20.0,12.0,17.0,15.0,11.0,8.0,11.0,11.0,16.0,11.0,9.0,10.0,9.0,3.0,6.0,4.0,10.0,13.0,7.0,4.0,7.0,4.0,4.0,3.0,6.0,2.0,1.0,3.0,3.0,3.0,1.0,2.0,1.0,1.0,1.0,0.0,2.0,1.0,0.0,1.0,1.0
36,0.5,0.3,0.2,0.0001,0.6000000000000001,0.0,165.0,323.0,371.0,447.0,515.0,540.0,629.0,665.0,713.0,821.0,857.0,925.0,952.0,1078.0,998.0,1110.0,1121.0,1219.0,1203.0,1221.0,1231.0,1197.0,1225.0,1238.0,1221.0,1211.0,1115.0,1074.0,1075.0,1004.0,966.0,924.0,850.0,819.0,755.0,677.0,684.0,597.0,614.0,518.0,486.0,434.0,401.0,366.0,373.0,321.0,287.0,293.0,237.0,198.0,202.0,166.0,145.0,138.0,120.0,98.0,85.0,82.0,89.0,73.0,61.0,37.0,53.0,36.0,40.0,36.0,22.0,35.0,23.0,18.0,18.0,17.0,18.0,12.0,14.0,9.0,14.0,13.0,9.0,8.0,4.0,7.0,6.0,3.0,5.0,7.0,8.0,3.0,4.0,5.0,3.0,3.0,1.0,1.0,1.0,1.0,1.0,2.0,2.0,0.0,0.0,1.0,1.0,0.0,0.0,0.0,1.0,0.0,0.0,1.0,0.0,0.0,0.0,0.0,0.0,0.0,0.0,0.0,0.0,0.0,0.0,0.0,0.0,0.0,0.0,0.0,0.0,0.0,0.0,0.0,0.0,0.0,0.0,0.0,0.0,0.0,0.0,0.0,0.0,0.0,0.0,0.0,0.0,0.0,0.0,0.0,0.0,0.0,0.0
37,0.5,0.3,0.2,0.0001,0.7000000000000002,0.0,204.0,414.0,550.0,658.0,825.0,954.0,1066.0,1240.0,1400.0,1675.0,1888.0,2142.0,2247.0,2433.0,2595.0,2661.0,2656.0,2706.0,2737.0,2690.0,2550.0,2391.0,2306.0,2051.0,1855.0,1742.0,1526.0,1332.0,1163.0,1076.0,924.0,805.0,683.0,534.0,561.0,429.0,433.0,337.0,304.0,252.0,193.0,188.0,168.0,128.0,116.0,79.0,81.0,51.0,54.0,50.0,35.0,36.0,30.0,27.0,19.0,12.0,21.0,9.0,11.0,7.0,9.0,5.0,7.0,4.0,4.0,3.0,1.0,3.0,0.0,2.0,0.0,0.0,1.0,0.0,1.0,1.0,0.0,0.0,0.0,1.0,0.0,0.0,0.0,0.0,0.0,0.0,0.0,0.0,0.0,0.0,0.0,0.0,0.0,0.0,0.0,0.0,0.0,0.0,0.0,0.0,0.0,0.0,0.0,0.0,0.0,0.0,0.0,0.0,0.0,0.0,0.0,0.0,0.0,0.0,0.0,0.0,0.0,0.0,0.0,0.0,0.0,0.0,0.0,0.0,0.0,0.0,0.0,0.0,0.0,0.0,0.0,0.0,0.0,0.0,0.0,0.0,0.0,0.0,0.0,0.0,0.0,0.0,0.0,0.0,0.0,0.0,0.0,0.0,0.0
38,0.5,0.3,0.2,0.0001,0.8000000000000003,0.0,211.0,499.0,692.0,879.0,1144.0,1512.0,1828.0,2369.0,2774.0,3368.0,3787.0,4389.0,4698.0,4847.0,4744.0,4729.0,4430.0,3915.0,3709.0,3141.0,2722.0,2343.0,1987.0,1608.0,1366.0,1128.0,900.0,753.0,642.0,488.0,446.0,341.0,274.0,227.0,174.0,166.0,123.0,115.0,65.0,63.0,49.0,43.0,37.0,34.0,22.0,16.0,12.0,15.0,6.0,10.0,6.0,5.0,1.0,4.0,1.0,2.0,3.0,0.0,2.0,0.0,0.0,3.0,1.0,0.0,0.0,0.0,0.0,0.0,0.0,0.0,1.0,0.0,0.0,0.0,0.0,0.0,0.0,0.0,0.0,0.0,0.0,0.0,0.0,0.0,0.0,0.0,0.0,0.0,0.0,0.0,0.0,0.0,0.0,0.0,0.0,0.0,0.0,0.0,0.0,0.0,0.0,0.0,0.0,0.0,0.0,0.0,0.0,0.0,0.0,0.0,0.0,0.0,0.0,0.0,0.0,0.0,0.0,0.0,0.0,0.0,0.0,0.0,0.0,0.0,0.0,0.0,0.0,0.0,0.0,0.0,0.0,0.0,0.0,0.0,0.0,0.0,0.0,0.0,0.0,0.0,0.0,0.0,0.0,0.0,0.0,0.0,0.0,0.0,0.0
39,0.5,0.3,0.2,0.0001,0.9000000000000002,0.0,286.0,623.0,945.0,1438.0,2071.0,2894.0,3927.0,5335.0,6248.0,7103.0,7679.0,7412.0,6997.0,6380.0,5416.0,4597.0,3723.0,3033.0,2415.0,2003.0,1619.0,1207.0,981.0,779.0,588.0,526.0,382.0,279.0,206.0,168.0,134.0,112.0,79.0,66.0,45.0,44.0,31.0,29.0,11.0,13.0,10.0,6.0,6.0,3.0,3.0,1.0,5.0,0.0,0.0,3.0,1.0,1.0,0.0,0.0,0.0,0.0,0.0,0.0,0.0,0.0,0.0,0.0,0.0,0.0,0.0,0.0,0.0,0.0,0.0,0.0,0.0,0.0,0.0,0.0,0.0,0.0,0.0,0.0,0.0,0.0,0.0,0.0,0.0,0.0,0.0,0.0,0.0,0.0,0.0,0.0,0.0,0.0,0.0,0.0,0.0,0.0,0.0,0.0,0.0,0.0,0.0,0.0,0.0,0.0,0.0,0.0,0.0,0.0,0.0,0.0,0.0,0.0,0.0,0.0,0.0,0.0,0.0,0.0,0.0,0.0,0.0,0.0,0.0,0.0,0.0,0.0,0.0,0.0,0.0,0.0,0.0,0.0,0.0,0.0,0.0,0.0,0.0,0.0,0.0,0.0,0.0,0.0,0.0,0.0,0.0,0.0,0.0,0.0,0.0
40,0.6000000000000001,0.3,0.2,0.0001,0.2,0.0,41.0,88.0,81.0,96.0,85.0,53.0,55.0,49.0,45.0,44.0,29.0,31.0,20.0,23.0,17.0,13.0,16.0,17.0,14.0,10.0,8.0,5.0,5.0,4.0,1.0,1.0,1.0,1.0,3.0,2.0,0.0,1.0,0.0,0.0,0.0,0.0,1.0,0.0,0.0,0.0,0.0,0.0,0.0,0.0,0.0,0.0,0.0,0.0,0.0,0.0,0.0,0.0,0.0,0.0,0.0,0.0,0.0,0.0,0.0,0.0,0.0,0.0,0.0,0.0,0.0,0.0,0.0,0.0,0.0,0.0,0.0,0.0,0.0,0.0,0.0,0.0,0.0,0.0,0.0,0.0,0.0,0.0,0.0,0.0,0.0,0.0,0.0,0.0,0.0,0.0,0.0,0.0,0.0,0.0,0.0,0.0,0.0,0.0,0.0,0.0,0.0,0.0,0.0,0.0,0.0,0.0,0.0,0.0,0.0,0.0,0.0,0.0,0.0,0.0,0.0,0.0,0.0,0.0,0.0,0.0,0.0,0.0,0.0,0.0,0.0,0.0,0.0,0.0,0.0,0.0,0.0,0.0,0.0,0.0,0.0,0.0,0.0,0.0,0.0,0.0,0.0,0.0,0.0,0.0,0.0,0.0,0.0,0.0,0.0
41,0.6000000000000001,0.3,0.2,0.0001,0.30000000000000004,0.0,75.0,131.0,139.0,141.0,143.0,116.0,131.0,103.0,87.0,92.0,75.0,61.0,68.0,67.0,57.0,50.0,45.0,47.0,38.0,43.0,31.0,30.0,30.0,16.0,23.0,22.0,23.0,16.0,18.0,19.0,16.0,17.0,13.0,5.0,13.0,16.0,12.0,8.0,8.0,8.0,12.0,5.0,8.0,7.0,8.0,5.0,9.0,7.0,1.0,4.0,5.0,8.0,1.0,3.0,1.0,1.0,2.0,0.0,4.0,0.0,0.0,2.0,2.0,0.0,0.0,1.0,0.0,1.0,1.0,3.0,0.0,1.0,0.0,0.0,0.0,1.0,1.0,0.0,0.0,0.0,0.0,0.0,0.0,0.0,0.0,0.0,0.0,0.0,0.0,0.0,0.0,0.0,0.0,0.0,0.0,0.0,0.0,0.0,0.0,0.0,0.0,0.0,0.0,0.0,0.0,0.0,0.0,0.0,0.0,0.0,0.0,0.0,0.0,0.0,0.0,0.0,0.0,0.0,0.0,0.0,0.0,0.0,0.0,0.0,0.0,0.0,0.0,0.0,0.0,0.0,0.0,0.0,0.0,0.0,0.0,0.0,0.0,0.0,0.0,0.0,0.0,0.0,0.0,0.0,0.0,0.0,0.0,0.0,0.0
42,0.6000000000000001,0.3,0.2,0.0001,0.4000000000000001,0.0,105.0,202.0,237.0,254.0,229.0,230.0,189.0,211.0,207.0,197.0,200.0,196.0,178.0,160.0,187.0,182.0,152.0,173.0,164.0,155.0,146.0,161.0,147.0,130.0,139.0,140.0,124.0,118.0,92.0,122.0,107.0,87.0,88.0,105.0,88.0,77.0,68.0,81.0,87.0,71.0,66.0,57.0,75.0,64.0,63.0,51.0,61.0,46.0,51.0,51.0,45.0,47.0,53.0,36.0,36.0,31.0,39.0,34.0,32.0,27.0,31.0,36.0,25.0,28.0,25.0,23.0,22.0,14.0,22.0,23.0,23.0,16.0,16.0,16.0,22.0,15.0,9.0,13.0,14.0,12.0,14.0,13.0,14.0,11.0,14.0,12.0,13.0,13.0,13.0,8.0,15.0,6.0,10.0,7.0,6.0,6.0,3.0,4.0,4.0,1.0,4.0,2.0,6.0,0.0,4.0,2.0,1.0,2.0,3.0,4.0,5.0,1.0,1.0,4.0,1.0,4.0,4.0,5.0,1.0,4.0,0.0,1.0,2.0,1.0,0.0,0.0,1.0,1.0,1.0,0.0,0.0,1.0,1.0,0.0,1.0,0.0,0.0,1.0,0.0,0.0,0.0,0.0,0.0,0.0,0.0,0.0,0.0,0.0,0.0
43,0.6000000000000001,0.3,0.2,0.0001,0.5000000000000001,0.0,141.0,253.0,347.0,353.0,338.0,386.0,387.0,385.0,386.0,417.0,448.0,423.0,456.0,479.0,453.0,452.0,458.0,486.0,512.0,485.0,505.0,489.0,509.0,501.0,492.0,487.0,491.0,448.0,471.0,450.0,473.0,453.0,420.0,421.0,427.0,404.0,365.0,358.0,364.0,346.0,295.0,300.0,307.0,303.0,279.0,282.0,248.0,257.0,209.0,236.0,212.0,216.0,184.0,178.0,175.0,145.0,155.0,157.0,117.0,140.0,119.0,138.0,124.0,108.0,104.0,96.0,95.0,93.0,82.0,77.0,67.0,64.0,68.0,51.0,43.0,48.0,42.0,46.0,38.0,32.0,27.0,30.0,32.0,26.0,16.0,27.0,28.0,15.0,18.0,17.0,15.0,17.0,11.0,12.0,10.0,5.0,8.0,9.0,10.0,6.0,7.0,9.0,11.0,9.0,6.0,5.0,3.0,7.0,4.0,4.0,3.0,7.0,2.0,5.0,2.0,0.0,5.0,3.0,1.0,4.0,2.0,0.0,2.0,4.0,0.0,2.0,3.0,1.0,0.0,1.0,0.0,1.0,1.0,3.0,1.0,2.0,1.0,0.0,1.0,3.0,0.0,1.0,0.0,2.0,2.0,1.0,1.0,4.0,2.0
44,0.6000000000000001,0.3,0.2,0.0001,0.6000000000000001,0.0,161.0,403.0,497.0,518.0,634.0,713.0,761.0,851.0,913.0,981.0,1098.0,1147.0,1249.0,1335.0,1359.0,1396.0,1433.0,1506.0,1492.0,1499.0,1480.0,1497.0,1443.0,1439.0,1320.0,1314.0,1197.0,1205.0,1059.0,1012.0,900.0,851.0,742.0,735.0,634.0,632.0,547.0,493.0,414.0,365.0,365.0,338.0,262.0,253.0,208.0,204.0,167.0,143.0,126.0,128.0,132.0,105.0,73.0,69.0,66.0,67.0,63.0,46.0,41.0,34.0,42.0,41.0,29.0,23.0,22.0,20.0,17.0,6.0,16.0,9.0,8.0,11.0,9.0,8.0,5.0,8.0,5.0,4.0,2.0,0.0,2.0,5.0,4.0,1.0,0.0,3.0,0.0,0.0,2.0,0.0,0.0,1.0,1.0,0.0,1.0,0.0,0.0,0.0,0.0,0.0,0.0,0.0,0.0,0.0,0.0,0.0,0.0,0.0,0.0,0.0,0.0,0.0,0.0,0.0,0.0,0.0,0.0,0.0,0.0,0.0,0.0,0.0,0.0,0.0,0.0,0.0,0.0,0.0,0.0,0.0,0.0,0.0,0.0,0.0,0.0,0.0,0.0,0.0,0.0,0.0,0.0,0.0,0.0,0.0,0.0,0.0,0.0,0.0,0.0
45,0.6000000000000001,0.3,0.2,0.0001,0.7000000000000002,0.0,198.0,498.0,658.0,761.0,933.0,1141.0,1325.0,1606.0,1814.0,2120.0,2388.0,2611.0,2944.0,2947.0,3094.0,3194.0,3078.0,3000.0,2953.0,2820.0,2510.0,2242.0,2030.0,1808.0,1567.0,1430.0,1235.0,1002.0,911.0,776.0,695.0,538.0,478.0,427.0,334.0,305.0,236.0,227.0,177.0,132.0,104.0,99.0,96.0,80.0,48.0,57.0,37.0,39.0,24.0,24.0,25.0,14.0,15.0,6.0,18.0,9.0,14.0,6.0,5.0,3.0,6.0,4.0,4.0,5.0,0.0,1.0,0.0,1.0,0.0,0.0,1.0,0.0,0.0,0.0,0.0,1.0,0.0,0.0,0.0,0.0,0.0,0.0,0.0,0.0,0.0,0.0,0.0,0.0,0.0,0.0,0.0,0.0,0.0,0.0,0.0,0.0,0.0,0.0,0.0,0.0,0.0,0.0,0.0,0.0,0.0,0.0,0.0,0.0,0.0,0.0,0.0,0.0,0.0,0.0,0.0,0.0,0.0,0.0,0.0,0.0,0.0,0.0,0.0,0.0,0.0,0.0,0.0,0.0,0.0,0.0,0.0,0.0,0.0,0.0,0.0,0.0,0.0,0.0,0.0,0.0,0.0,0.0,0.0,0.0,0.0,0.0,0.0,0.0,0.0
46,0.6000000000000001,0.3,0.2,0.0001,0.8000000000000003,0.0,256.0,600.0,960.0,1300.0,1700.0,2180.0,2822.0,3361.0,4144.0,4673.0,5100.0,5326.0,5483.0,5127.0,4743.0,4260.0,3820.0,3375.0,2791.0,2486.0,1920.0,1578.0,1378.0,1136.0,861.0,731.0,573.0,470.0,400.0,319.0,234.0,202.0,145.0,133.0,126.0,79.0,73.0,60.0,40.0,36.0,22.0,21.0,24.0,14.0,8.0,9.0,9.0,8.0,4.0,4.0,1.0,5.0,0.0,2.0,1.0,2.0,1.0,0.0,0.0,0.0,1.0,0.0,0.0,0.0,0.0,0.0,0.0,0.0,0.0,0.0,0.0,0.0,0.0,0.0,0.0,0.0,0.0,0.0,0.0,0.0,0.0,0.0,0.0,0.0,0.0,0.0,0.0,0.0,0.0,0.0,0.0,0.0,0.0,0.0,0.0,0.0,0.0,0.0,0.0,0.0,0.0,0.0,0.0,0.0,0.0,0.0,0.0,0.0,0.0,0.0,0.0,0.0,0.0,0.0,0.0,0.0,0.0,0.0,0.0,0.0,0.0,0.0,0.0,0.0,0.0,0.0,0.0,0.0,0.0,0.0,0.0,0.0,0.0,0.0,0.0,0.0,0.0,0.0,0.0,0.0,0.0,0.0,0.0,0.0,0.0,0.0,0.0,0.0,0.0
47,0.6000000000000001,0.3,0.2,0.0001,0.9000000000000002,0.0,292.0,761.0,1192.0,1915.0,2931.0,4194.0,5474.0,6775.0,7881.0,8266.0,8147.0,7353.0,6444.0,5380.0,4480.0,3623.0,2882.0,2322.0,1818.0,1406.0,1089.0,819.0,656.0,479.0,396.0,319.0,213.0,184.0,141.0,127.0,100.0,60.0,46.0,29.0,38.0,26.0,22.0,15.0,13.0,8.0,1.0,3.0,5.0,6.0,1.0,3.0,2.0,1.0,1.0,0.0,0.0,0.0,0.0,0.0,0.0,1.0,1.0,0.0,0.0,0.0,0.0,0.0,0.0,0.0,0.0,0.0,0.0,0.0,0.0,0.0,0.0,0.0,0.0,0.0,0.0,0.0,0.0,0.0,0.0,0.0,0.0,0.0,0.0,0.0,0.0,0.0,0.0,0.0,0.0,0.0,0.0,0.0,0.0,0.0,0.0,0.0,0.0,0.0,0.0,0.0,0.0,0.0,0.0,0.0,0.0,0.0,0.0,0.0,0.0,0.0,0.0,0.0,0.0,0.0,0.0,0.0,0.0,0.0,0.0,0.0,0.0,0.0,0.0,0.0,0.0,0.0,0.0,0.0,0.0,0.0,0.0,0.0,0.0,0.0,0.0,0.0,0.0,0.0,0.0,0.0,0.0,0.0,0.0,0.0,0.0,0.0,0.0,0.0,0.0
48,0.7000000000000001,0.3,0.2,0.0001,0.2,0.0,43.0,109.0,94.0,91.0,63.0,74.0,52.0,45.0,43.0,30.0,28.0,17.0,19.0,22.0,14.0,13.0,13.0,12.0,4.0,11.0,4.0,3.0,6.0,4.0,5.0,6.0,2.0,1.0,3.0,3.0,4.0,0.0,0.0,0.0,0.0,0.0,0.0,0.0,3.0,0.0,1.0,1.0,0.0,1.0,0.0,0.0,1.0,0.0,0.0,1.0,1.0,1.0,1.0,0.0,0.0,0.0,0.0,0.0,0.0,0.0,0.0,0.0,0.0,0.0,0.0,0.0,0.0,0.0,0.0,0.0,0.0,0.0,0.0,0.0,0.0,0.0,0.0,0.0,0.0,0.0,0.0,0.0,0.0,0.0,0.0,0.0,0.0,0.0,0.0,0.0,0.0,0.0,0.0,0.0,0.0,0.0,0.0,0.0,0.0,0.0,0.0,0.0,0.0,0.0,0.0,0.0,0.0,0.0,0.0,0.0,0.0,0.0,0.0,0.0,0.0,0.0,0.0,0.0,0.0,0.0,0.0,0.0,0.0,0.0,0.0,0.0,0.0,0.0,0.0,0.0,0.0,0.0,0.0,0.0,0.0,0.0,0.0,0.0,0.0,0.0,0.0,0.0,0.0,0.0,0.0,0.0,0.0,0.0,0.0
49,0.7000000000000001,0.3,0.2,0.0001,0.30000000000000004,0.0,72.0,143.0,150.0,168.0,148.0,134.0,124.0,133.0,106.0,87.0,94.0,86.0,84.0,74.0,73.0,59.0,47.0,58.0,35.0,57.0,39.0,37.0,32.0,31.0,35.0,32.0,25.0,33.0,20.0,20.0,26.0,20.0,18.0,19.0,16.0,13.0,12.0,13.0,10.0,9.0,7.0,5.0,7.0,8.0,7.0,3.0,7.0,7.0,9.0,4.0,5.0,3.0,3.0,6.0,2.0,6.0,0.0,2.0,3.0,3.0,3.0,3.0,4.0,3.0,3.0,1.0,3.0,4.0,0.0,2.0,0.0,2.0,2.0,1.0,2.0,1.0,0.0,1.0,2.0,1.0,1.0,0.0,0.0,0.0,0.0,0.0,0.0,0.0,0.0,1.0,0.0,0.0,0.0,0.0,0.0,0.0,0.0,0.0,0.0,0.0,0.0,0.0,0.0,0.0,0.0,0.0,0.0,0.0,0.0,0.0,0.0,0.0,0.0,0.0,0.0,0.0,0.0,0.0,0.0,0.0,0.0,0.0,0.0,0.0,0.0,0.0,0.0,0.0,0.0,0.0,0.0,0.0,0.0,0.0,0.0,0.0,0.0,0.0,0.0,0.0,0.0,0.0,0.0,0.0,0.0,0.0,0.0,0.0,0.0
50,0.7000000000000001,0.3,0.2,0.0001,0.4000000000000001,0.0,128.0,246.0,300.0,295.0,288.0,291.0,280.0,265.0,275.0,246.0,234.0,263.0,241.0,255.0,215.0,256.0,223.0,210.0,224.0,196.0,217.0,161.0,164.0,151.0,156.0,142.0,150.0,137.0,130.0,135.0,117.0,106.0,107.0,116.0,96.0,98.0,108.0,83.0,86.0,85.0,87.0,74.0,47.0,58.0,76.0,64.0,61.0,47.0,62.0,60.0,49.0,46.0,36.0,39.0,38.0,42.0,42.0,21.0,38.0,29.0,25.0,22.0,26.0,14.0,39.0,10.0,11.0,23.0,17.0,7.0,14.0,11.0,4.0,14.0,8.0,14.0,15.0,13.0,9.0,7.0,7.0,14.0,4.0,5.0,10.0,11.0,3.0,2.0,4.0,5.0,2.0,2.0,4.0,6.0,4.0,1.0,1.0,2.0,2.0,2.0,1.0,0.0,2.0,2.0,1.0,1.0,1.0,1.0,0.0,1.0,3.0,1.0,2.0,0.0,1.0,0.0,0.0,0.0,0.0,0.0,0.0,0.0,0.0,0.0,0.0,0.0,0.0,0.0,0.0,0.0,0.0,0.0,0.0,0.0,0.0,0.0,0.0,0.0,0.0,0.0,0.0,0.0,0.0,0.0,0.0,0.0,0.0,0.0,0.0
51,0.7000000000000001,0.3,0.2,0.0001,0.5000000000000001,0.0,144.0,317.0,386.0,387.0,368.0,431.0,450.0,457.0,462.0,510.0,512.0,536.0,520.0,573.0,541.0,569.0,562.0,603.0,574.0,603.0,589.0,618.0,617.0,565.0,578.0,596.0,612.0,571.0,552.0,532.0,523.0,504.0,484.0,456.0,432.0,411.0,439.0,369.0,372.0,374.0,308.0,311.0,299.0,291.0,278.0,276.0,252.0,235.0,208.0,232.0,199.0,177.0,193.0,163.0,146.0,154.0,136.0,132.0,114.0,110.0,93.0,94.0,101.0,90.0,80.0,92.0,72.0,79.0,65.0,66.0,61.0,53.0,48.0,50.0,44.0,33.0,38.0,40.0,22.0,22.0,23.0,24.0,20.0,22.0,15.0,20.0,14.0,15.0,11.0,9.0,11.0,7.0,8.0,7.0,6.0,9.0,5.0,5.0,3.0,3.0,2.0,1.0,0.0,1.0,2.0,1.0,2.0,0.0,1.0,3.0,3.0,3.0,1.0,2.0,1.0,1.0,1.0,1.0,1.0,2.0,0.0,0.0,0.0,1.0,0.0,0.0,0.0,0.0,0.0,0.0,0.0,0.0,0.0,0.0,0.0,0.0,0.0,0.0,0.0,0.0,0.0,0.0,0.0,0.0,0.0,0.0,0.0,0.0,0.0
52,0.7000000000000001,0.3,0.2,0.0001,0.6000000000000001,0.0,191.0,390.0,507.0,646.0,695.0,836.0,915.0,1063.0,1134.0,1217.0,1324.0,1453.0,1537.0,1580.0,1644.0,1733.0,1721.0,1783.0,1757.0,1734.0,1722.0,1673.0,1543.0,1488.0,1357.0,1239.0,1146.0,1086.0,976.0,908.0,792.0,739.0,656.0,556.0,545.0,471.0,396.0,361.0,329.0,268.0,262.0,246.0,213.0,189.0,156.0,133.0,107.0,116.0,87.0,85.0,80.0,59.0,53.0,46.0,37.0,36.0,33.0,33.0,26.0,25.0,26.0,26.0,16.0,11.0,9.0,6.0,6.0,3.0,4.0,6.0,5.0,1.0,2.0,3.0,4.0,1.0,3.0,1.0,1.0,1.0,3.0,1.0,1.0,0.0,1.0,0.0,0.0,0.0,0.0,0.0,0.0,1.0,0.0,0.0,0.0,0.0,0.0,0.0,0.0,0.0,0.0,0.0,0.0,0.0,0.0,0.0,0.0,0.0,0.0,0.0,0.0,0.0,0.0,0.0,0.0,0.0,0.0,0.0,0.0,0.0,0.0,0.0,0.0,0.0,0.0,0.0,0.0,0.0,0.0,0.0,0.0,0.0,0.0,0.0,0.0,0.0,0.0,0.0,0.0,0.0,0.0,0.0,0.0,0.0,0.0,0.0,0.0,0.0,0.0
53,0.7000000000000001,0.3,0.2,0.0001,0.7000000000000002,0.0,206.0,447.0,621.0,696.0,937.0,1095.0,1333.0,1671.0,1871.0,2172.0,2515.0,2755.0,2979.0,3212.0,3413.0,3292.0,3296.0,3252.0,3007.0,2766.0,2579.0,2336.0,2220.0,1774.0,1566.0,1322.0,1234.0,969.0,817.0,716.0,606.0,500.0,387.0,353.0,303.0,255.0,205.0,172.0,132.0,121.0,95.0,76.0,90.0,45.0,47.0,35.0,28.0,30.0,31.0,22.0,23.0,7.0,14.0,8.0,7.0,8.0,4.0,4.0,4.0,1.0,1.0,3.0,4.0,3.0,2.0,0.0,1.0,1.0,0.0,2.0,0.0,1.0,1.0,2.0,1.0,0.0,1.0,0.0,0.0,0.0,0.0,1.0,0.0,0.0,0.0,0.0,0.0,0.0,0.0,0.0,0.0,0.0,0.0,0.0,0.0,0.0,0.0,0.0,0.0,0.0,0.0,0.0,0.0,0.0,0.0,0.0,0.0,0.0,0.0,0.0,0.0,0.0,0.0,0.0,0.0,0.0,0.0,0.0,0.0,0.0,0.0,0.0,0.0,0.0,0.0,0.0,0.0,0.0,0.0,0.0,0.0,0.0,0.0,0.0,0.0,0.0,0.0,0.0,0.0,0.0,0.0,0.0,0.0,0.0,0.0,0.0,0.0,0.0,0.0
54,0.7000000000000001,0.3,0.2,0.0001,0.8000000000000003,0.0,303.0,636.0,890.0,1242.0,1705.0,2281.0,2917.0,3607.0,4374.0,4981.0,5389.0,5707.0,5474.0,5272.0,4900.0,4443.0,3702.0,3315.0,2656.0,2278.0,1865.0,1522.0,1210.0,955.0,818.0,660.0,472.0,380.0,362.0,289.0,193.0,153.0,119.0,91.0,83.0,60.0,56.0,46.0,32.0,30.0,22.0,14.0,15.0,12.0,6.0,6.0,9.0,7.0,5.0,1.0,0.0,2.0,1.0,0.0,0.0,2.0,0.0,2.0,0.0,0.0,0.0,0.0,0.0,0.0,1.0,0.0,0.0,0.0,0.0,0.0,0.0,0.0,0.0,0.0,0.0,0.0,0.0,0.0,0.0,0.0,0.0,0.0,0.0,0.0,0.0,0.0,0.0,0.0,0.0,0.0,0.0,0.0,0.0,0.0,0.0,0.0,0.0,0.0,0.0,0.0,0.0,0.0,0.0,0.0,0.0,0.0,0.0,0.0,0.0,0.0,0.0,0.0,0.0,0.0,0.0,0.0,0.0,0.0,0.0,0.0,0.0,0.0,0.0,0.0,0.0,0.0,0.0,0.0,0.0,0.0,0.0,0.0,0.0,0.0,0.0,0.0,0.0,0.0,0.0,0.0,0.0,0.0,0.0,0.0,0.0,0.0,0.0,0.0,0.0
55,0.7000000000000001,0.3,0.2,0.0001,0.9000000000000002,0.0,322.0,687.0,1127.0,1763.0,2784.0,4165.0,5867.0,7203.0,8326.0,8740.0,8418.0,7566.0,6380.0,5513.0,4264.0,3419.0,2784.0,2180.0,1617.0,1253.0,938.0,754.0,555.0,442.0,344.0,252.0,222.0,143.0,103.0,74.0,64.0,69.0,42.0,23.0,26.0,22.0,22.0,5.0,5.0,7.0,5.0,2.0,2.0,4.0,0.0,2.0,0.0,1.0,0.0,0.0,1.0,1.0,1.0,1.0,0.0,1.0,0.0,0.0,0.0,0.0,0.0,0.0,0.0,0.0,0.0,0.0,0.0,0.0,0.0,0.0,0.0,0.0,0.0,0.0,0.0,0.0,0.0,0.0,0.0,0.0,0.0,0.0,0.0,0.0,0.0,0.0,0.0,0.0,0.0,0.0,0.0,0.0,0.0,0.0,0.0,0.0,0.0,0.0,0.0,0.0,0.0,0.0,0.0,0.0,0.0,0.0,0.0,0.0,0.0,0.0,0.0,0.0,0.0,0.0,0.0,0.0,0.0,0.0,0.0,0.0,0.0,0.0,0.0,0.0,0.0,0.0,0.0,0.0,0.0,0.0,0.0,0.0,0.0,0.0,0.0,0.0,0.0,0.0,0.0,0.0,0.0,0.0,0.0,0.0,0.0,0.0,0.0,0.0,0.0
56,0.8,0.3,0.2,0.0001,0.2,0.0,69.0,99.0,102.0,85.0,74.0,62.0,55.0,43.0,37.0,44.0,25.0,27.0,25.0,19.0,20.0,14.0,13.0,6.0,11.0,7.0,7.0,9.0,7.0,6.0,5.0,2.0,1.0,5.0,3.0,2.0,0.0,3.0,0.0,0.0,0.0,0.0,0.0,1.0,0.0,0.0,0.0,1.0,0.0,0.0,0.0,0.0,0.0,0.0,1.0,1.0,0.0,0.0,0.0,0.0,0.0,0.0,0.0,0.0,0.0,0.0,0.0,0.0,0.0,0.0,0.0,0.0,0.0,0.0,0.0,0.0,0.0,0.0,0.0,0.0,0.0,0.0,0.0,0.0,0.0,0.0,0.0,0.0,0.0,0.0,0.0,0.0,0.0,0.0,0.0,0.0,0.0,0.0,0.0,0.0,0.0,0.0,0.0,0.0,0.0,0.0,0.0,0.0,0.0,0.0,0.0,0.0,0.0,0.0,0.0,0.0,0.0,0.0,0.0,0.0,0.0,0.0,0.0,0.0,0.0,0.0,0.0,0.0,0.0,0.0,0.0,0.0,0.0,0.0,0.0,0.0,0.0,0.0,0.0,0.0,0.0,0.0,0.0,0.0,0.0,0.0,0.0,0.0,0.0,0.0,0.0,0.0,0.0,0.0,0.0
57,0.8,0.3,0.2,0.0001,0.30000000000000004,0.0,105.0,166.0,181.0,146.0,148.0,146.0,132.0,136.0,120.0,123.0,100.0,101.0,89.0,76.0,77.0,76.0,54.0,46.0,42.0,40.0,45.0,46.0,42.0,42.0,18.0,23.0,27.0,30.0,22.0,24.0,21.0,20.0,13.0,16.0,15.0,10.0,8.0,9.0,5.0,4.0,7.0,11.0,3.0,6.0,4.0,7.0,2.0,7.0,5.0,5.0,3.0,4.0,3.0,4.0,1.0,3.0,4.0,2.0,0.0,1.0,2.0,1.0,2.0,0.0,0.0,0.0,1.0,0.0,1.0,1.0,0.0,1.0,1.0,0.0,0.0,0.0,0.0,0.0,0.0,0.0,0.0,0.0,0.0,0.0,0.0,0.0,0.0,0.0,0.0,0.0,0.0,0.0,0.0,0.0,0.0,0.0,0.0,0.0,0.0,0.0,0.0,0.0,0.0,0.0,0.0,0.0,0.0,0.0,0.0,0.0,0.0,0.0,0.0,0.0,0.0,0.0,0.0,0.0,0.0,0.0,0.0,0.0,0.0,0.0,0.0,0.0,0.0,0.0,0.0,0.0,0.0,0.0,0.0,0.0,0.0,0.0,0.0,0.0,0.0,0.0,0.0,0.0,0.0,0.0,0.0,0.0,0.0,0.0,0.0
58,0.8,0.3,0.2,0.0001,0.4000000000000001,0.0,121.0,184.0,190.0,190.0,167.0,175.0,182.0,158.0,191.0,162.0,140.0,189.0,154.0,180.0,154.0,178.0,151.0,135.0,130.0,139.0,127.0,116.0,125.0,125.0,94.0,103.0,106.0,92.0,96.0,98.0,95.0,95.0,90.0,88.0,81.0,70.0,62.0,68.0,71.0,71.0,66.0,56.0,52.0,53.0,54.0,52.0,58.0,55.0,64.0,40.0,50.0,46.0,54.0,31.0,45.0,42.0,39.0,37.0,39.0,33.0,40.0,25.0,30.0,23.0,26.0,29.0,24.0,28.0,15.0,23.0,21.0,26.0,16.0,25.0,26.0,20.0,23.0,17.0,20.0,19.0,13.0,13.0,13.0,12.0,6.0,11.0,15.0,8.0,10.0,8.0,6.0,3.0,15.0,12.0,4.0,5.0,8.0,3.0,8.0,4.0,7.0,4.0,3.0,3.0,1.0,3.0,2.0,1.0,3.0,3.0,0.0,1.0,0.0,1.0,0.0,0.0,0.0,1.0,0.0,0.0,0.0,0.0,0.0,0.0,0.0,0.0,0.0,0.0,0.0,0.0,0.0,0.0,0.0,0.0,0.0,0.0,0.0,0.0,0.0,0.0,0.0,0.0,0.0,0.0,0.0,0.0,0.0,0.0,0.0
59,0.8,0.3,0.2,0.0001,0.5000000000000001,0.0,164.0,337.0,364.0,447.0,454.0,522.0,524.0,538.0,569.0,565.0,617.0,625.0,699.0,637.0,691.0,713.0,712.0,781.0,667.0,697.0,746.0,696.0,710.0,712.0,711.0,684.0,666.0,643.0,614.0,570.0,606.0,549.0,506.0,501.0,438.0,469.0,451.0,412.0,378.0,358.0,352.0,360.0,281.0,258.0,251.0,244.0,222.0,192.0,187.0,175.0,157.0,123.0,109.0,127.0,105.0,90.0,106.0,80.0,72.0,88.0,56.0,59.0,61.0,48.0,33.0,40.0,50.0,39.0,30.0,28.0,25.0,22.0,21.0,19.0,21.0,14.0,14.0,13.0,8.0,9.0,11.0,6.0,3.0,8.0,5.0,7.0,5.0,2.0,2.0,5.0,4.0,4.0,2.0,2.0,2.0,3.0,2.0,3.0,0.0,2.0,1.0,0.0,1.0,1.0,0.0,0.0,2.0,0.0,0.0,1.0,0.0,0.0,0.0,1.0,0.0,1.0,0.0,0.0,1.0,0.0,1.0,0.0,1.0,1.0,3.0,2.0,2.0,1.0,0.0,1.0,0.0,0.0,1.0,1.0,0.0,1.0,0.0,0.0,0.0,0.0,0.0,0.0,0.0,0.0,0.0,0.0,0.0,0.0,0.0
60,0.8,0.3,0.2,0.0001,0.6000000000000001,0.0,211.0,418.0,504.0,622.0,682.0,796.0,945.0,1027.0,1160.0,1326.0,1375.0,1517.0,1557.0,1637.0,1841.0,1846.0,1875.0,1894.0,1867.0,1822.0,1836.0,1708.0,1627.0,1475.0,1444.0,1310.0,1171.0,1101.0,1088.0,904.0,755.0,794.0,602.0,591.0,510.0,437.0,411.0,325.0,294.0,268.0,234.0,203.0,141.0,171.0,107.0,100.0,80.0,74.0,80.0,66.0,46.0,45.0,23.0,35.0,25.0,17.0,17.0,11.0,13.0,17.0,11.0,9.0,11.0,10.0,7.0,12.0,4.0,3.0,3.0,1.0,4.0,3.0,0.0,1.0,1.0,0.0,0.0,2.0,0.0,1.0,0.0,0.0,0.0,0.0,0.0,0.0,0.0,0.0,0.0,0.0,1.0,0.0,0.0,0.0,0.0,0.0,1.0,1.0,0.0,1.0,0.0,0.0,0.0,0.0,0.0,0.0,0.0,0.0,0.0,0.0,0.0,0.0,0.0,0.0,0.0,0.0,0.0,0.0,0.0,0.0,0.0,0.0,0.0,0.0,0.0,0.0,0.0,0.0,0.0,0.0,0.0,0.0,0.0,0.0,0.0,0.0,0.0,0.0,0.0,0.0,0.0,0.0,0.0,0.0,0.0,0.0,0.0,0.0,0.0
61,0.8,0.3,0.2,0.0001,0.7000000000000002,0.0,221.0,520.0,703.0,922.0,1118.0,1390.0,1716.0,2066.0,2413.0,2783.0,3099.0,3389.0,3562.0,3688.0,3670.0,3517.0,3391.0,3105.0,2861.0,2495.0,2224.0,1982.0,1750.0,1505.0,1173.0,1057.0,923.0,789.0,603.0,541.0,421.0,340.0,307.0,253.0,219.0,192.0,150.0,113.0,87.0,75.0,78.0,46.0,45.0,43.0,31.0,24.0,22.0,19.0,18.0,11.0,14.0,10.0,8.0,8.0,4.0,4.0,2.0,2.0,5.0,2.0,2.0,1.0,3.0,1.0,4.0,0.0,2.0,0.0,1.0,0.0,1.0,1.0,0.0,1.0,0.0,0.0,0.0,0.0,0.0,0.0,0.0,0.0,0.0,0.0,0.0,0.0,0.0,0.0,0.0,0.0,0.0,0.0,0.0,0.0,0.0,0.0,0.0,0.0,0.0,0.0,0.0,0.0,0.0,0.0,0.0,0.0,0.0,0.0,0.0,0.0,0.0,0.0,0.0,0.0,0.0,0.0,0.0,0.0,0.0,0.0,0.0,0.0,0.0,0.0,0.0,0.0,0.0,0.0,0.0,0.0,0.0,0.0,0.0,0.0,0.0,0.0,0.0,0.0,0.0,0.0,0.0,0.0,0.0,0.0,0.0,0.0,0.0,0.0,0.0
62,0.8,0.3,0.2,0.0001,0.8000000000000003,0.0,293.0,689.0,1119.0,1508.0,2125.0,2759.0,3543.0,4479.0,5282.0,5821.0,6049.0,6106.0,5611.0,5270.0,4573.0,3859.0,3336.0,2755.0,2225.0,1779.0,1421.0,1186.0,930.0,731.0,598.0,452.0,386.0,266.0,210.0,170.0,145.0,102.0,83.0,59.0,49.0,37.0,27.0,30.0,31.0,18.0,10.0,16.0,8.0,5.0,4.0,3.0,0.0,0.0,4.0,1.0,2.0,1.0,0.0,0.0,0.0,0.0,0.0,0.0,0.0,0.0,0.0,0.0,0.0,0.0,0.0,0.0,0.0,0.0,0.0,0.0,0.0,0.0,0.0,0.0,0.0,0.0,0.0,0.0,0.0,0.0,0.0,0.0,0.0,0.0,0.0,0.0,0.0,0.0,0.0,0.0,0.0,0.0,0.0,0.0,0.0,0.0,0.0,0.0,0.0,0.0,0.0,0.0,0.0,0.0,0.0,0.0,0.0,0.0,0.0,0.0,0.0,0.0,0.0,0.0,0.0,0.0,0.0,0.0,0.0,0.0,0.0,0.0,0.0,0.0,0.0,0.0,0.0,0.0,0.0,0.0,0.0,0.0,0.0,0.0,0.0,0.0,0.0,0.0,0.0,0.0,0.0,0.0,0.0,0.0,0.0,0.0,0.0,0.0,0.0
63,0.8,0.3,0.2,0.0001,0.9000000000000002,0.0,415.0,1055.0,1705.0,2805.0,4250.0,6051.0,7702.0,8925.0,9186.0,8627.0,7595.0,6482.0,5273.0,4279.0,3361.0,2576.0,1940.0,1546.0,1237.0,879.0,670.0,586.0,371.0,294.0,223.0,173.0,143.0,121.0,72.0,60.0,42.0,43.0,23.0,18.0,19.0,9.0,14.0,6.0,2.0,6.0,2.0,4.0,0.0,0.0,0.0,1.0,0.0,0.0,0.0,0.0,0.0,0.0,0.0,0.0,0.0,0.0,0.0,0.0,0.0,0.0,0.0,0.0,0.0,0.0,0.0,0.0,0.0,0.0,0.0,0.0,0.0,0.0,0.0,0.0,0.0,0.0,0.0,0.0,0.0,0.0,0.0,0.0,0.0,0.0,0.0,0.0,0.0,0.0,0.0,0.0,0.0,0.0,0.0,0.0,0.0,0.0,0.0,0.0,0.0,0.0,0.0,0.0,0.0,0.0,0.0,0.0,0.0,0.0,0.0,0.0,0.0,0.0,0.0,0.0,0.0,0.0,0.0,0.0,0.0,0.0,0.0,0.0,0.0,0.0,0.0,0.0,0.0,0.0,0.0,0.0,0.0,0.0,0.0,0.0,0.0,0.0,0.0,0.0,0.0,0.0,0.0,0.0,0.0,0.0,0.0,0.0,0.0,0.0,0.0
64,0.9,0.3,0.2,0.0001,0.2,0.0,54.0,91.0,98.0,88.0,83.0,66.0,50.0,47.0,40.0,44.0,25.0,19.0,25.0,26.0,11.0,15.0,15.0,13.0,5.0,4.0,4.0,4.0,3.0,3.0,4.0,4.0,0.0,1.0,2.0,3.0,3.0,2.0,2.0,1.0,1.0,1.0,1.0,1.0,1.0,2.0,0.0,0.0,0.0,1.0,0.0,0.0,0.0,1.0,1.0,0.0,0.0,0.0,0.0,0.0,0.0,0.0,0.0,0.0,0.0,0.0,0.0,0.0,0.0,0.0,0.0,0.0,0.0,0.0,0.0,0.0,0.0,0.0,0.0,0.0,0.0,0.0,0.0,0.0,0.0,0.0,0.0,0.0,0.0,0.0,0.0,0.0,0.0,0.0,0.0,0.0,0.0,0.0,0.0,0.0,0.0,0.0,0.0,0.0,0.0,0.0,0.0,0.0,0.0,0.0,0.0,0.0,0.0,0.0,0.0,0.0,0.0,0.0,0.0,0.0,0.0,0.0,0.0,0.0,0.0,0.0,0.0,0.0,0.0,0.0,0.0,0.0,0.0,0.0,0.0,0.0,0.0,0.0,0.0,0.0,0.0,0.0,0.0,0.0,0.0,0.0,0.0,0.0,0.0,0.0,0.0,0.0,0.0,0.0,0.0
65,0.9,0.3,0.2,0.0001,0.30000000000000004,0.0,97.0,155.0,206.0,206.0,169.0,162.0,156.0,154.0,118.0,98.0,130.0,110.0,103.0,91.0,80.0,86.0,88.0,76.0,65.0,48.0,47.0,52.0,39.0,35.0,40.0,33.0,32.0,33.0,27.0,22.0,21.0,19.0,25.0,27.0,24.0,28.0,13.0,18.0,18.0,16.0,11.0,12.0,16.0,6.0,8.0,12.0,8.0,3.0,7.0,3.0,7.0,2.0,2.0,3.0,4.0,3.0,0.0,0.0,4.0,0.0,0.0,0.0,2.0,0.0,1.0,0.0,0.0,1.0,2.0,0.0,1.0,0.0,0.0,0.0,0.0,0.0,0.0,0.0,0.0,0.0,0.0,0.0,0.0,0.0,0.0,0.0,0.0,0.0,0.0,0.0,0.0,0.0,0.0,0.0,0.0,0.0,0.0,0.0,0.0,0.0,0.0,0.0,0.0,0.0,0.0,0.0,0.0,0.0,0.0,0.0,0.0,0.0,0.0,0.0,0.0,0.0,0.0,0.0,0.0,0.0,0.0,0.0,0.0,0.0,0.0,0.0,0.0,0.0,0.0,0.0,0.0,0.0,0.0,0.0,0.0,0.0,0.0,0.0,0.0,0.0,0.0,0.0,0.0,0.0,0.0,0.0,0.0,0.0,0.0
66,0.9,0.3,0.2,0.0001,0.4000000000000001,0.0,125.0,221.0,267.0,255.0,272.0,279.0,271.0,269.0,253.0,271.0,251.0,226.0,264.0,208.0,213.0,236.0,205.0,209.0,223.0,222.0,217.0,219.0,196.0,205.0,186.0,185.0,178.0,162.0,158.0,137.0,165.0,159.0,136.0,134.0,109.0,112.0,116.0,114.0,123.0,94.0,102.0,78.0,102.0,80.0,80.0,74.0,82.0,60.0,59.0,47.0,47.0,46.0,45.0,41.0,44.0,39.0,41.0,37.0,43.0,37.0,34.0,31.0,32.0,26.0,26.0,21.0,24.0,25.0,22.0,21.0,21.0,15.0,17.0,23.0,8.0,12.0,8.0,5.0,18.0,11.0,6.0,9.0,7.0,14.0,4.0,6.0,7.0,6.0,6.0,9.0,5.0,8.0,6.0,6.0,7.0,8.0,3.0,3.0,1.0,6.0,1.0,3.0,3.0,3.0,0.0,0.0,1.0,1.0,1.0,3.0,1.0,2.0,3.0,2.0,0.0,0.0,1.0,1.0,1.0,0.0,1.0,1.0,0.0,0.0,0.0,0.0,0.0,0.0,0.0,0.0,0.0,0.0,0.0,0.0,0.0,0.0,0.0,0.0,0.0,0.0,0.0,0.0,0.0,0.0,0.0,0.0,0.0,0.0,0.0
67,0.9,0.3,0.2,0.0001,0.5000000000000001,0.0,152.0,289.0,326.0,350.0,326.0,374.0,390.0,404.0,440.0,459.0,507.0,558.0,553.0,579.0,611.0,614.0,646.0,675.0,672.0,670.0,676.0,709.0,660.0,698.0,688.0,673.0,678.0,720.0,671.0,667.0,596.0,621.0,611.0,539.0,499.0,549.0,517.0,476.0,435.0,399.0,390.0,383.0,367.0,330.0,297.0,300.0,294.0,259.0,236.0,198.0,193.0,182.0,160.0,158.0,145.0,152.0,128.0,135.0,99.0,124.0,94.0,82.0,74.0,74.0,68.0,76.0,52.0,54.0,23.0,44.0,29.0,33.0,26.0,34.0,18.0,23.0,20.0,16.0,21.0,13.0,26.0,10.0,14.0,13.0,16.0,10.0,9.0,12.0,8.0,5.0,7.0,2.0,6.0,5.0,7.0,1.0,3.0,0.0,3.0,4.0,1.0,1.0,0.0,1.0,1.0,0.0,0.0,2.0,0.0,0.0,2.0,1.0,1.0,1.0,0.0,0.0,0.0,1.0,0.0,0.0,1.0,0.0,1.0,0.0,0.0,0.0,0.0,0.0,0.0,0.0,0.0,0.0,0.0,0.0,0.0,0.0,0.0,0.0,0.0,0.0,0.0,0.0,0.0,0.0,0.0,0.0,0.0,0.0,0.0
68,0.9,0.3,0.2,0.0001,0.6000000000000001,0.0,224.0,447.0,592.0,729.0,832.0,943.0,1007.0,1160.0,1345.0,1442.0,1624.0,1765.0,1843.0,1847.0,2008.0,1978.0,2051.0,2054.0,1991.0,1895.0,1821.0,1740.0,1641.0,1454.0,1298.0,1254.0,997.0,976.0,853.0,774.0,683.0,606.0,562.0,494.0,400.0,352.0,344.0,296.0,257.0,217.0,208.0,147.0,126.0,116.0,92.0,103.0,64.0,66.0,62.0,46.0,48.0,36.0,28.0,19.0,26.0,18.0,21.0,13.0,9.0,17.0,8.0,7.0,13.0,8.0,9.0,4.0,6.0,5.0,3.0,2.0,4.0,3.0,2.0,0.0,2.0,0.0,2.0,0.0,0.0,1.0,0.0,1.0,0.0,1.0,0.0,1.0,0.0,0.0,0.0,1.0,1.0,1.0,0.0,1.0,0.0,1.0,1.0,1.0,0.0,0.0,0.0,0.0,0.0,0.0,0.0,0.0,0.0,0.0,0.0,0.0,0.0,0.0,0.0,0.0,0.0,0.0,0.0,0.0,0.0,0.0,0.0,0.0,0.0,0.0,0.0,0.0,0.0,0.0,0.0,0.0,0.0,0.0,0.0,0.0,0.0,0.0,0.0,0.0,0.0,0.0,0.0,0.0,0.0,0.0,0.0,0.0,0.0,0.0,0.0
69,0.9,0.3,0.2,0.0001,0.7000000000000002,0.0,259.0,491.0,697.0,902.0,1151.0,1495.0,1790.0,2268.0,2598.0,2995.0,3304.0,3745.0,3713.0,3864.0,3745.0,3699.0,3482.0,3083.0,2740.0,2388.0,2194.0,1929.0,1525.0,1391.0,1118.0,968.0,781.0,696.0,549.0,469.0,401.0,315.0,222.0,209.0,162.0,136.0,130.0,96.0,86.0,53.0,51.0,40.0,36.0,39.0,19.0,10.0,15.0,14.0,10.0,11.0,5.0,6.0,6.0,3.0,5.0,1.0,3.0,3.0,1.0,1.0,1.0,4.0,0.0,0.0,0.0,1.0,0.0,0.0,1.0,0.0,0.0,0.0,1.0,0.0,0.0,0.0,0.0,0.0,0.0,0.0,0.0,0.0,0.0,0.0,0.0,0.0,0.0,0.0,0.0,0.0,0.0,0.0,0.0,0.0,0.0,0.0,0.0,0.0,0.0,0.0,0.0,0.0,0.0,0.0,0.0,0.0,0.0,0.0,0.0,0.0,0.0,0.0,0.0,0.0,0.0,0.0,0.0,0.0,0.0,0.0,0.0,0.0,0.0,0.0,0.0,0.0,0.0,0.0,0.0,0.0,0.0,0.0,0.0,0.0,0.0,0.0,0.0,0.0,0.0,0.0,0.0,0.0,0.0,0.0,0.0,0.0,0.0,0.0,0.0
70,0.9,0.3,0.2,0.0001,0.8000000000000003,0.0,386.0,835.0,1284.0,1815.0,2457.0,3343.0,4268.0,5124.0,5716.0,6193.0,6396.0,6103.0,5515.0,4806.0,4183.0,3477.0,2893.0,2318.0,1909.0,1496.0,1266.0,975.0,771.0,591.0,465.0,365.0,305.0,227.0,176.0,170.0,112.0,96.0,69.0,53.0,53.0,37.0,30.0,22.0,20.0,12.0,12.0,7.0,10.0,5.0,5.0,1.0,1.0,1.0,1.0,0.0,0.0,0.0,1.0,0.0,0.0,0.0,0.0,0.0,0.0,0.0,0.0,0.0,0.0,0.0,0.0,0.0,0.0,0.0,0.0,0.0,0.0,0.0,0.0,0.0,0.0,0.0,0.0,0.0,0.0,0.0,0.0,0.0,0.0,0.0,0.0,0.0,0.0,0.0,0.0,0.0,0.0,0.0,0.0,0.0,0.0,0.0,0.0,0.0,0.0,0.0,0.0,0.0,0.0,0.0,0.0,0.0,0.0,0.0,0.0,0.0,0.0,0.0,0.0,0.0,0.0,0.0,0.0,0.0,0.0,0.0,0.0,0.0,0.0,0.0,0.0,0.0,0.0,0.0,0.0,0.0,0.0,0.0,0.0,0.0,0.0,0.0,0.0,0.0,0.0,0.0,0.0,0.0,0.0,0.0,0.0,0.0,0.0,0.0,0.0
71,0.9,0.3,0.2,0.0001,0.9000000000000002,0.0,447.0,1202.0,2006.0,3311.0,4948.0,6844.0,8489.0,9336.0,9357.0,8435.0,7097.0,6145.0,4759.0,3883.0,2930.0,2330.0,1798.0,1290.0,996.0,773.0,627.0,465.0,361.0,277.0,184.0,149.0,110.0,109.0,65.0,50.0,45.0,39.0,29.0,19.0,13.0,8.0,9.0,5.0,5.0,4.0,0.0,2.0,2.0,2.0,1.0,1.0,2.0,0.0,0.0,0.0,0.0,0.0,0.0,0.0,0.0,1.0,0.0,0.0,0.0,0.0,0.0,0.0,0.0,0.0,0.0,0.0,0.0,0.0,0.0,0.0,0.0,0.0,0.0,0.0,0.0,0.0,0.0,0.0,0.0,0.0,0.0,0.0,0.0,0.0,0.0,0.0,0.0,0.0,0.0,0.0,0.0,0.0,0.0,0.0,0.0,0.0,0.0,0.0,0.0,0.0,0.0,0.0,0.0,0.0,0.0,0.0,0.0,0.0,0.0,0.0,0.0,0.0,0.0,0.0,0.0,0.0,0.0,0.0,0.0,0.0,0.0,0.0,0.0,0.0,0.0,0.0,0.0,0.0,0.0,0.0,0.0,0.0,0.0,0.0,0.0,0.0,0.0,0.0,0.0,0.0,0.0,0.0,0.0,0.0,0.0,0.0,0.0,0.0,0.0
